Date,Open,High,Low,Close,Volume
2018-01-02,52.188239770212455,53.32614856646089,52.188239770212455,53.188865661621094,31766000
2018-01-03,53.22454987197943,54.32330847105232,53.19977187055567,54.09632110595703,31318000
2018-01-04,54.372367004712004,54.71879390313872,54.23211211278629,54.30644989013672,26052000
2018-01-05,54.687572433295145,55.18962089008967,54.60579709757864,55.02656555175781,30250000
2018-01-08,55.06175536990907,55.466170286027186,55.01219558957566,55.22084426879883,24644000
2018-01-09,55.430485149176526,55.430485149176526,54.92298424681651,55.15046691894531,26808000
2018-01-10,54.86350914916023,55.149970485161695,54.713839150969285,55.01913070678711,20734000
2018-01-11,55.1266824577769,55.252565133136116,54.83774443550206,55.11379623413086,22424000
2018-01-12,55.01715246966422,56.06783342050424,54.91357113017225,56.035621643066406,38586000
2018-01-16,56.51437340212776,56.93910831091455,55.837873150761055,56.0380973815918,36462000
2018-01-17,56.31860984509447,56.465307847683086,55.68076449476652,56.45440673828125,27830000
2018-01-18,56.46679924103173,56.52825458200741,55.72884359734377,56.299285888671875,27498000
2018-01-19,56.40137921915933,56.686350797479946,56.12730875089229,56.6724739074707,30552000
2018-01-22,56.68833248096029,57.83119828621252,56.58920914320012,57.69639205932617,29550000
2018-01-23,58.01655340402417,58.40758676246016,57.84953539447559,58.2916145324707,39138000
2018-01-24,58.72824427996772,58.83083495210644,57.85696845704402,58.04975891113281,37128000
2018-01-25,58.51661963502001,58.72923475649011,58.077017169481415,58.58749008178711,29984000
2018-01-26,58.8546159905629,58.856101989746094,57.88818715790865,58.856101989746094,42170000
2018-01-29,58.87792164727707,59.37352703561722,58.68265073457222,58.802589416503906,31494000
2018-01-30,58.368433664699566,58.87444478078804,58.20934099291107,58.3510856628418,37338000
2018-01-31,58.67025692580681,58.7946573810183,58.08990422464767,58.59145736694336,36022000
2018-02-01,58.282696268570014,58.85066187604403,57.954108905262224,58.56023406982422,73514000
2018-02-02,55.87553800351339,56.06783312556541,55.07017929193355,55.4681510925293,117842000
2018-02-05,54.546813543220495,55.25949572041711,52.372596354978754,52.652610778808594,83550000
2018-02-06,51.24460223505075,53.891132935122144,51.047845342146786,53.744930267333984,76630000
2018-02-07,53.77170434961336,53.84901792117906,52.26754002119734,52.30669403076172,51942000
2018-02-08,52.527729337653724,52.72894425301344,49.79347519024082,49.94265365600586,66792000
2018-02-09,50.84316246892013,52.12380656455772,49.41185391718766,51.853702545166016,98360000
2018-02-12,52.369128884549816,52.81021733055884,51.81504399503664,52.264556884765625,56240000
2018-02-13,52.038562552436076,52.59463258044314,51.885916767767974,52.243743896484375,31586000
2018-02-14,52.25266052614215,53.300864735687355,52.02864897493751,53.16358184814453,41304000
2018-02-15,53.69635873328125,54.2241796064296,52.892486091507614,54.088382720947266,37396000
2018-02-16,54.18849273291399,54.928433374899925,54.09779762563428,54.29356384277344,39948000
2018-02-20,54.1577707285977,55.323928544569256,54.02098316796261,54.69451141357422,33754000
2018-02-21,54.96759295771181,56.310683045823986,54.88878961731304,55.19804763793945,41486000
2018-02-22,55.466663605995095,55.7783982807117,54.77182469679677,55.00723648071289,28010000
2018-02-23,55.441388558492996,55.9538465942948,54.9348820824928,55.90874481201172,25292000
2018-02-26,56.095588696095604,56.707166305802616,55.97069668563071,56.68238830566406,30912000
2018-02-27,56.68238379671604,56.709642241518374,55.34870889611206,55.38439178466797,42964000
2018-02-28,55.606914952047134,55.88693316560795,54.66526787642419,54.71086120605469,49292000
2018-03-01,54.989396258903604,55.075134258798855,52.89546066543097,53.09965133666992,55338000
2018-03-02,52.43405422890185,53.86685253316526,52.04401532071384,53.730560302734375,50162000
2018-03-05,53.43270044320101,54.57506712555628,53.142272657867274,54.25688934326172,28648000
2018-03-06,54.620669381341706,54.79562029158402,54.24400822757162,54.561195373535156,23382000
2018-03-07,54.160739256716965,55.31946700184924,54.01651792756434,55.2619743347168,30748000
2018-03-08,55.36903066846734,56.07477069501771,55.36903066846734,55.972679138183594,33862000
2018-03-09,56.47422954756245,57.53978183323075,56.216021089643974,57.53185272216797,42662000
2018-03-12,57.740502868635886,58.39024381438581,57.45057417792342,57.78411865234375,44306000
2018-03-13,58.07652175924303,58.38231244180919,56.22989723150085,56.49454879760742,43140000
2018-03-14,56.78646459024372,57.478327755534465,56.615480131437934,56.939605712890625,41870000
2018-03-15,56.97330401261731,57.61412136076028,56.28391755240599,57.024845123291016,33382000
2018-03-16,57.259768712621806,57.332125161283194,56.070810391656835,56.22246551513672,58656000
2018-03-19,55.396785995831834,55.47657622148134,53.967458786173076,54.52006149291992,63656000
2018-03-20,54.43729202115942,54.79165182688679,53.64531485171296,54.30843734741211,54598000
2018-03-21,54.14836400972241,54.94777504918305,53.88271795815037,54.219234466552734,44898000
2018-03-22,53.525869851832866,53.71965095706594,52.02071522568,52.19467544555664,69312000
2018-03-23,52.106459236876645,52.87018724864738,50.793104327347784,50.876365661621094,49880000
2018-03-26,52.068302356543015,52.49799441829779,50.08489008099328,52.241268157958984,65984000
2018-03-27,52.72744733340498,52.759167554683955,49.44257623613476,49.90447998046875,60816000
2018-03-28,49.65519983899021,50.79905639684896,48.76757041702182,49.8172607421875,77698000
2018-03-29,50.11611620626267,51.941925615464406,49.76076570236333,51.40121841430664,69338000
2018-04-02,50.92939798969693,51.51966490505734,49.27556391877928,50.186485290527344,65068000
2018-04-03,50.360933167288586,50.79954493103003,49.424239421785515,50.48632049560547,51322000
2018-04-04,49.47281483694664,51.183150998303724,49.3875721636293,51.032981872558594,50724000
2018-04-05,51.85964951231871,51.87550773444825,50.74998989182345,51.178192138671875,35836000
2018-04-06,50.70537978004866,51.344711105425375,49.87028601428037,50.05366134643555,40134000
2018-04-09,50.553729117408686,51.77044120931999,50.512098447787814,50.556209564208984,33220000
2018-04-10,51.06023358881892,51.60292201289803,50.32425939467992,51.36949157714844,36620000
2018-04-11,51.14647098841187,51.33827077452912,50.512096740674785,50.802520751953125,34060000
2018-04-12,51.12020294036423,51.77340735685457,50.85158495069181,51.40864181518555,32896000
2018-04-13,51.88443393426778,52.18625440905699,51.054788730240396,51.34669876098633,25410000
2018-04-16,51.81802124614691,52.109435942426565,51.24163118442665,51.845279693603516,29776000
2018-04-17,52.593643460641715,53.773182885291824,52.38994810994456,53.49365997314453,54584000
2018-04-18,53.476310588306234,53.6244945838344,53.055542151909854,53.29690170288086,31126000
2018-04-19,52.981203453718166,54.3931826149773,52.981203453718166,53.99372482299805,39884000
2018-04-20,53.7370007944744,54.25639346296965,53.13384767816928,53.392555236816406,42434000
2018-04-23,53.673071282759295,53.921868427448494,52.86523585104433,53.21860122680664,69590000
2018-04-24,52.49452294582918,52.7566978691135,50.19788997744447,50.68259048461914,128220000
2018-04-25,51.03495492497983,51.348179349509756,50.403552745369566,50.699928283691406,57860000
2018-04-26,51.20693361948677,52.13867406727597,50.574045396276794,51.707000732421875,50926000
2018-04-27,51.81751927566657,52.12281082314026,50.92790862988598,51.11920928955078,40746000
2018-04-30,51.26641156108306,51.462174019328494,50.467495943333255,50.48137283325195,34492000
2018-05-01,50.36837272953787,51.62869683090459,50.08637315111999,51.58012771606445,35326000
2018-05-02,51.24559070906389,51.740205361607515,50.70835472509704,50.851585388183594,34698000
2018-05-03,50.817890670453565,51.081551585996564,49.9515719123334,50.86397933959961,39282000
2018-05-04,50.53242180535284,52.1317429224219,50.45510823966092,52.08812713623047,36892000
2018-05-07,52.23134874425583,52.78196628191559,52.051939861423826,52.50740051269531,34400000
2018-05-08,52.76313525434269,52.79336947934582,52.11984124058492,52.46428680419922,26030000
2018-05-09,52.73736869640259,54.21922767879466,52.63874068783747,53.96894454956055,47160000
2018-05-10,54.26878424521396,54.98295247150408,54.2132766896246,54.787681579589844,36414000
2018-05-11,54.53691157415763,54.9631325016699,54.37881333760094,54.684104919433594,30504000
2018-05-14,54.79263940641136,55.41611252991021,54.75447985203023,54.84368896484375,39338000
2018-05-15,54.362953596565845,54.47297804789163,53.46491465013553,53.76673889160156,35738000
2018-05-16,53.77764049312645,54.23805827169057,53.60616071489885,53.72807693481445,25628000
2018-05-17,53.59773618456304,54.07054107077223,53.3479484045542,53.58782196044922,25738000
2018-05-18,52.83152899932591,53.21463323157747,52.76611099952149,53.01192855834961,35482000
2018-05-21,53.47582306223784,54.184538930793096,53.426263278799745,53.72412109375,25180000
2018-05-22,54.011072928465694,54.11019248640515,53.141778448804516,53.292938232421875,22226000
2018-05-23,53.0297723497328,53.921863490513566,52.879107900126776,53.82075881958008,23740000
2018-05-24,53.867351349600916,53.87825246003901,53.143767929904314,53.79548645019531,20604000
2018-05-25,53.84999635702785,53.999670134196904,53.654233916006895,53.72758102416992,22224000
2018-05-29,53.327134857439034,53.59179020131426,52.68681283654335,52.934120178222656,36076000
2018-05-30,53.20224632064249,53.47532612627324,52.858791397768826,53.399993896484375,28686000
2018-05-31,53.62449894945762,55.012195483121005,53.42625982850758,54.5165901184082,79368000
2018-06-01,55.154435850296785,56.40782149302613,55.11181073347112,56.2512092590332,63202000
2018-06-04,56.424671348332794,57.384165656018176,56.35032978563712,57.14528274536133,44754000
2018-06-05,57.22556553196357,57.54473396634421,56.868729096833015,57.045162200927734,32964000
2018-06-06,57.13189894906885,57.228046509321615,56.31662980054046,56.84345626831055,34934000
2018-06-07,56.726000000493585,56.78993200477697,55.81111214714587,56.22246551513672,36108000
2018-06-08,56.06337663830065,56.43854800095758,55.667881492631246,56.137718200683594,27284000
2018-06-11,56.149112748911456,56.88261034187652,56.07278985658362,56.54361343383789,24796000
2018-06-12,56.549556791224404,56.93266100342097,56.549556791224404,56.9049072265625,26092000
2018-06-13,57.10761497725214,57.274141439602225,56.666526492908304,56.70865249633789,34302000
2018-06-14,57.104145445651795,57.78708881414241,57.02435144007503,57.49567413330078,35422000
2018-06-15,57.48625993653372,57.68400751955307,57.177501009106074,57.45404815673828,44438000
2018-06-18,57.12792464785603,58.6861100656681,57.04416798927829,58.658851623535156,33038000
2018-06-19,57.991277490301755,58.62069461126461,57.57001370560989,58.416507720947266,47282000
2018-06-20,58.64498405937086,59.54649034409081,58.58204272216992,58.683143615722656,51686000
2018-06-21,58.75451932001093,58.99339847023684,57.66269912902014,57.95808029174805,44966000
2018-06-22,58.05966777641099,58.23362421260231,57.472868243034256,57.95063400268555,34220000
2018-06-25,57.24241639411734,57.29148083846557,55.50284060341305,56.46332550048828,57682000
2018-06-26,56.704188739949835,56.839486514085834,55.953842303393166,56.13325119018555,34688000
2018-06-27,56.30077074881717,56.806785690036946,55.344252208444104,55.35614776611328,34538000
2018-06-28,55.13064487084305,56.20164961626298,54.81742418325818,55.84382247924805,29726000
2018-06-29,56.117891548666634,56.56641379159462,55.85571664765586,55.963260650634766,31562000
2018-07-02,55.27734313265763,56.64719625524921,54.843688462348,56.603580474853516,23216000
2018-07-03,56.96587838234016,56.99016105126295,55.23175475978648,55.32344055175781,16448000
2018-07-05,55.73577780214064,56.704191846101395,55.6624269088357,56.56294250488281,28594000
2018-07-06,56.58673608975874,57.301895041910846,56.3622254020404,57.24638748168945,21820000
2018-07-09,57.490217893443116,57.883232554498356,57.35293500621075,57.851016998291016,21584000
2018-07-10,57.985331219841854,58.1592876710228,57.61709453525378,57.84408187866211,21334000
2018-07-11,57.273150637650815,58.50324438453327,57.26076352733581,58.05819320678711,33252000
2018-07-12,58.226697234818,59.57127344179773,58.139469442426545,59.53509521484375,44148000
2018-07-13,59.61141826398349,59.9900607679534,59.23921887235507,59.691707611083984,32612000
2018-07-16,59.6614686063109,59.90431796084138,59.14554323296885,59.299678802490234,26784000
2018-07-17,58.617226672156946,60.40239579577614,58.58054933626401,60.12089157104492,40162000
2018-07-18,59.89539182160768,60.542652288045545,59.69863870575832,60.11246871948242,38948000
2018-07-19,59.802216391462835,60.28939726800395,59.36013729300515,59.428035736083984,38338000
2018-07-20,59.43497589637291,60.00640878633238,59.303637004105916,59.36757278442383,37938000
2018-07-23,59.25755009544405,60.22100701488412,59.07665142062006,60.01780700683594,65446000
2018-07-24,62.99143845565767,63.18968134945834,61.660243984113876,62.35458755493164,107600000
2018-07-25,62.08051510210579,63.35025419781453,61.90358288080689,63.23626708984375,51104000
2018-07-26,62.80212592695883,63.80424161394269,62.594963233739726,63.71007537841797,54686000
2018-07-27,63.88947748196613,64.00445526002171,61.67758831733646,62.09389877319336,48362000
2018-07-30,61.705344418372555,62.09390111054303,60.67052168990716,60.96144104003906,43896000
2018-07-31,61.044203717468605,61.5150310558074,60.275027048471166,60.821678161621094,39382000
2018-08-01,61.41095717984236,61.74746986091492,60.70868447690941,61.10764694213867,36994000
2018-08-02,60.389515030194794,61.67363026870209,60.36770902862689,61.511070251464844,34704000
2018-08-03,61.71178926073466,61.77820171227437,60.930716970703656,61.36387634277344,21264000
2018-08-06,61.53485906816259,61.57698507031156,60.98572747853054,61.3395881652832,22114000
2018-08-07,62.050286215151715,62.74760560322747,62.03988043832837,62.24010467529297,42506000
2018-08-08,62.28371084813341,63.02711883440046,62.05573285275174,62.51218795776367,34344000
2018-08-09,62.58157843163508,63.03902046572219,62.451233976820184,62.66731643676758,27326000
2018-08-10,62.405634291518375,62.50574829674128,61.80991871592981,62.07506561279297,26602000
2018-08-13,62.01014739046385,62.742155246432816,61.8034800348069,61.883270263671875,27500000
2018-08-14,62.07456875068865,62.47551253247424,61.43226541064566,62.35409164428711,28080000
2018-08-15,61.66717771561877,62.04879213755509,60.773105320032634,61.06947708129883,37052000
2018-08-16,61.55368189756554,61.63843300597453,60.44550840781897,60.665061950683594,32176000
2018-08-17,60.56495623560335,60.8082971269196,59.670883777475254,60.258174896240234,33092000
2018-08-20,60.49656528097602,60.75675885322903,59.903821689306916,60.56049728393555,22218000
2018-08-21,60.613528088079974,61.096247227767634,60.21753761823671,60.33549118041992,23082000
2018-08-22,60.17739289788937,60.78748449084421,60.12783311785306,60.55058670043945,22296000
2018-08-23,60.45790275071416,61.215682970911885,60.4316349723723,60.521339416503906,24666000
2018-08-24,60.76121686857708,61.32620668102879,60.53422952112296,61.29399490356445,24454000
2018-08-27,61.66024554727935,62.34071224621682,61.48876576119388,62.26141357421875,28580000
2018-08-28,62.24307773941749,62.27578863216442,61.60226034730332,61.74549102783203,27330000
2018-08-29,62.19847374399886,62.80162689915618,62.08943995794666,62.67673110961914,36926000
2018-08-30,62.614779615086384,62.91660385525779,61.812396681776775,62.170719146728516,30104000
2018-08-31,62.06019474297571,62.07704363006448,60.748821207637796,61.04866409301758,42308000
2018-09-04,60.588747317717875,60.85389800636838,59.79776081224916,60.033172607421875,41458000
2018-09-05,59.92958505299374,60.209603268767296,58.25047398684112,59.428035736083984,53988000
2018-09-06,59.401772852100315,59.422588186507085,57.669135421665715,58.67918014526367,46854000
2018-09-07,58.08494944415617,58.90517953017783,57.94965165488326,58.361995697021484,32658000
2018-09-10,58.68958681588538,58.81150682548309,58.01605854552151,58.236602783203125,27670000
2018-09-11,58.04034491712475,59.02362654143486,57.785108455238316,58.97654342651367,29254000
2018-09-12,58.580554595879704,59.01123730597883,57.79551585287817,58.065128326416016,35716000
2018-09-13,58.46656452248184,58.870979431193106,57.94716805181461,58.58749008178711,40068000
2018-09-14,58.87791693472183,58.87791693472183,58.160277576654984,58.381317138671875,24176000
2018-09-17,58.37091162899215,58.57163119113442,57.41389781733119,57.48179626464844,34096000
2018-09-18,57.62205752184302,58.54735499219765,57.561097512456236,57.84260177612305,32314000
2018-09-19,57.93428317441041,58.29656828515363,57.42182517002772,58.19744873046875,25962000
2018-09-20,58.51463590103157,59.1752779050067,58.295577676921454,59.05484390258789,29244000
2018-09-21,59.22087626404792,59.3031469383466,58.08792460764033,58.09089660644531,91222000
2018-09-24,57.46098076733555,58.738649029218344,57.068956754362944,58.459625244140625,31150000
2018-09-25,58.69205692988442,59.31701219469983,58.18851875782915,59.16981887817383,33152000
2018-09-26,59.159918286069484,59.83146143635009,58.749060259885425,59.178253173828125,37650000
2018-09-27,59.47264818207571,60.30823740681557,59.376005280026604,59.8374137878418,36274000
2018-09-28,59.67534431659836,59.89143055329956,59.365095632347476,59.82353210449219,35612000
2018-10-01,60.11692822550655,60.67200377685793,59.6307380038181,59.895389556884766,33164000
2018-10-02,59.80321024799633,60.68786760635078,59.455792684854295,59.85128402709961,40180000
2018-10-03,60.067367011728635,60.17541012769135,59.57919543863832,60.04407501220703,26246000
2018-10-04,59.72193117816361,59.76504784574882,57.68103020510518,58.336219787597656,46576000
2018-10-05,58.283187051995725,58.58054949886521,57.20871504110831,57.87827682495117,31852000
2018-10-08,57.49022284191507,58.27625223168303,56.271034087111275,57.28801727294922,46190000
2018-10-09,57.05954615106771,57.56704713117791,56.70568542282251,56.755245208740234,33690000
2018-10-10,56.32058466896337,56.3513142235491,54.095813315910384,54.128028869628906,58980000
2018-10-11,53.47779422338321,55.31252677728516,53.321677343135946,54.05765151977539,67696000
2018-10-12,55.48995852207989,55.79673988188645,54.270274423304,55.53456497192383,49370000
2018-10-15,55.408677799683794,55.5970064651996,54.42836824178441,54.637516021728516,30074000
2018-10-16,55.18465808351433,56.319099327854154,55.09892009183564,56.156044006347656,38378000
2018-10-17,56.49900944196669,56.84593167168672,55.21043629864681,55.88396453857422,35652000
2018-10-18,56.003403176506545,56.11987073339366,53.83959160244581,54.41300582885742,46152000
2018-10-19,54.700463645484554,55.55488685474241,54.369399607612905,54.7733154296875,41286000
2018-10-22,55.13658778971036,55.59155311548389,54.51658579981299,55.0800895690918,27116000
2018-10-23,54.084915522979806,55.40868002337412,53.47631372196218,55.25553512573242,37686000
2018-10-24,55.25999456332015,55.34028389764265,52.28933456741099,52.39142990112305,49286000
2018-10-25,53.54024537331576,55.399756102645775,53.304833588221236,54.69451141357422,72956000
2018-10-26,51.95579712615013,55.35911755170512,51.65347755213339,53.71123123168945,106438000
2018-10-29,54.345113230013254,54.95421419171303,49.91737560307921,51.281776428222656,81290000
2018-10-30,50.55223663950661,52.08315988988406,50.252892879333544,52.0142707824707,59768000
2018-10-31,52.94056785451772,54.91307897959648,52.94056785451772,54.04973220825195,70916000
2018-11-01,54.09036865507806,54.51163245458862,53.41733572962472,53.82175064086914,40132000
2018-11-02,53.97142331655281,54.41746888733465,52.91380016975293,53.10361862182617,43438000
2018-11-05,53.15516126022647,53.195801263045176,51.24559536671138,52.32254409790039,45358000
2018-11-06,52.287354317475426,53.516457231001695,52.21747453889714,53.008460998535156,28660000
2018-11-07,53.69833871624577,55.00871775141031,53.55461272403204,54.92496109008789,43388000
2018-11-08,54.8783850813804,54.92397841663363,53.7414632001446,54.250450134277344,33694000
2018-11-09,53.724615435100866,53.939211902432895,52.74530021774066,53.37769317626953,34860000
2018-11-12,53.18490466787691,53.232978452738934,51.56031020813881,52.0068473815918,34002000
2018-11-13,52.2769508618454,52.86473734212154,51.56278259363126,51.93795394897461,25750000
2018-11-14,52.53416287872512,52.82111953304196,51.59796447805078,52.26554489135742,34666000
2018-11-15,52.110919347384815,53.469372212231306,51.60688579767568,53.081809997558594,41584000
2018-11-16,52.7933663223199,53.15069808752869,52.281403671972924,52.94403076171875,35366000
2018-11-19,52.70217963465381,52.93065677293835,50.69398942241821,50.91948699951172,45684000
2018-11-20,49.92182962513011,51.41162146001286,49.670064284425,51.06965255737305,54458000
2018-11-21,51.80612344190846,52.27199369417608,51.516194757625584,51.71295166015625,29698000
2018-11-23,51.22081495682277,51.69164233367512,50.97400293458793,51.052310943603516,14178000
2018-11-26,51.74119770138357,52.38548236782315,51.53155458783973,52.332950592041016,31558000
2018-11-27,52.10497392364605,52.86919727857594,51.81554058226542,52.15155792236328,33048000
2018-11-28,52.408294064810306,54.162737780087255,51.68916857329928,54.10970687866211,46042000
2018-11-29,53.70032122849477,54.52401853411203,53.62449367564983,54.24796676635742,31004000
2018-11-30,54.30001120644811,54.99484634399414,53.68298117891005,54.99484634399414,59668000
2018-12-03,56.11045370735793,56.251203924536,55.09792861853993,55.327396392822266,57532000
2018-12-04,55.16038504432092,55.222335716900645,52.57282901926797,52.656585693359375,45630000
2018-12-06,51.79075970534888,53.4966340062969,51.66586770011712,53.43022155761719,47436000
2018-12-07,53.14028547270404,53.77465963503472,51.51172495701423,51.869056701660156,42682000
2018-12-10,51.68866228487641,52.51434095626558,51.19603272852635,52.196163177490234,33652000
2018-12-11,52.87811497972909,53.04959475593755,52.04351654521581,52.61594009399414,33852000
2018-12-12,53.38066510723212,54.10672518413741,53.12740996802285,53.214637756347656,28960000
2018-12-13,53.31078190544962,53.94267948952978,52.78147499288261,53.20521545410156,24986000
2018-12-14,52.53515108845294,53.11500836676661,52.00733024782041,52.1233024597168,36358000
2018-12-17,51.89037815425454,52.652124909165806,50.38473176235824,50.83176803588867,49932000
2018-12-18,51.24559048360209,52.5188006627195,51.071134931743245,51.71195602416992,43640000
2018-12-19,51.90425167522263,53.312763523901886,50.523497386753405,51.31795120239258,58264000
2018-12-20,50.84911428827779,51.91169467656769,49.95008837386859,50.72917938232422,53674000
2018-12-21,51.14845606158276,51.42747984878357,48.62830329379818,49.12688064575195,104656000
2018-12-24,48.78341799164083,50.16120004991357,48.45334469729191,48.80076599121094,36360000
2018-12-26,49.46091860571116,51.96174194605953,49.19626326965174,51.9320068359375,46318000
2018-12-27,50.859019993855526,52.20409130797924,49.90745489277842,52.18228530883789,45996000
2018-12-28,52.50938452237577,52.74380563761929,51.64207517305085,51.874019622802734,34398000
2018-12-31,52.42661795589531,52.68235351628536,51.19801417036053,51.78877639770508,33110000
2019-01-02,50.908583724282856,52.57332272092195,50.81342682866761,52.2705078125,31868000
2019-01-03,52.07176536650582,52.844413130736584,50.669201388757,50.822837829589844,41960000
2019-01-04,51.66982980650256,53.525377872894474,51.38733490786459,53.429725646972656,46022000
2019-01-07,53.573449036903185,53.65918703417119,52.66500438271906,53.32316970825195,47446000
2019-01-08,53.82274027539516,54.18701051028504,52.947997134787144,53.79151916503906,35414000
2019-01-09,53.92136997908412,54.10226487887618,53.246351931681716,53.607154846191406,26998000
2019-01-10,53.274597721733834,53.51595726070346,52.76610620022996,53.46738815307617,26598000
2019-01-11,53.024816319452164,53.196791439584736,52.357235840144156,52.75570297241211,30864000
2019-01-14,52.20409079934666,52.45734590533918,51.966697695349396,52.11339569091797,28490000
2019-01-15,52.43554412141433,53.93524643013607,52.258611888034565,53.848018646240234,37518000
2019-01-16,54.02098673533876,54.63355501884388,53.92236250436648,53.996700286865234,38280000
2019-01-17,53.92137221845554,54.5512847285975,53.68694730126995,54.47298049926758,24896000
2019-01-18,54.942311820332534,55.40867737331329,54.48090337937602,54.878379821777344,44892000
2019-01-22,54.31834766794679,54.46554479169045,53.07388180032208,53.457481384277344,39632000
2019-01-23,53.865359331761276,54.16718355200719,52.90934000933146,53.74393844604492,25194000
2019-01-24,53.64977514185636,53.92186426712231,53.03076377971732,53.7236213684082,29114000
2019-01-25,54.23062393672968,54.68311263158913,54.11019370892404,54.591426849365234,23260000
2019-01-28,54.024451311803865,54.1879981946818,53.258242881114185,53.518436431884766,29334000
2019-01-29,53.57691983324791,53.759799844010175,52.83252112922512,53.032745361328125,19704000
2019-01-30,53.39454127483169,54.4928044913876,53.35885838319014,54.41697692871094,29452000
2019-01-31,55.12320907469218,55.8879277682799,54.776782174572446,55.79970932006836,40232000
2019-02-01,55.62129291519569,56.2214740701124,55.22282955760962,55.43940734863281,33116000
2019-02-04,55.45873526005803,56.6149826428997,55.38439370064637,56.56938552856445,78408000
2019-02-05,55.98506590270298,57.13189816525388,55.68621744950641,57.0872917175293,82296000
2019-02-06,56.95843868754115,57.19285981317814,55.42652081207824,55.651031494140625,48256000
2019-02-07,55.102394698878804,55.11081914301035,54.198907096289624,54.80949401855469,38298000
2019-02-08,54.26283276683056,54.76934295821372,54.231116326467145,54.63453674316406,21766000
2019-02-11,54.70243535847709,55.18218244160579,54.51658336971669,54.62165069580078,18498000
2019-02-12,55.06224794643094,56.14514818740517,55.06224794643094,55.88346862792969,35036000
2019-02-13,56.154071635364986,56.64026189800341,55.8051642728651,55.935508728027344,28042000
2019-02-14,55.755603216750615,56.30721147033604,55.363579193970516,55.9637565612793,21106000
2019-02-15,56.46431324542036,56.46431324542036,55.345234849730225,55.48945617675781,27826000
2019-02-19,55.3412744861392,55.98555914866208,55.3412744861392,55.83043670654297,21980000
2019-02-20,55.94789489522291,56.04949489564427,55.09892423297482,55.53703689575195,24090000
2019-02-21,55.44733231443277,55.465670982122504,54.41647232015398,54.72523498535156,33272000
2019-02-22,54.9973232075196,55.37150386454631,54.54136721859264,55.33730697631836,29436000
2019-02-25,55.60345868889444,55.77543382830709,55.21589640404511,55.37548065185547,26208000
2019-02-26,55.22877557612181,55.826971639267626,54.84864709251726,55.607418060302734,35026000
2019-02-27,55.21093368851873,55.791781723679335,54.940829672376765,55.651031494140625,22092000
2019-02-28,55.45823966941733,56.20115236463612,55.42899989136633,55.832420349121094,27422000
2019-03-01,56.05296837179371,56.99461936094752,56.05296837179371,56.921268463134766,34086000
2019-03-04,57.22061413135729,57.76379794864619,56.41227962663273,57.16411590576172,35490000
2019-03-05,57.29198270561337,58.307479941132485,57.14429402263244,57.94568634033203,40094000
2019-03-06,58.07305265058131,58.2207413179186,57.64137930979189,57.735050201416016,23602000
2019-03-07,57.51501200242955,57.66765781028202,56.583766701786814,57.03675079345703,30086000
2019-03-08,56.19669080684739,57.16560018173033,56.01331546458372,56.99312973022461,23694000
2019-03-11,57.09373639455161,58.47697114634712,57.07242572690145,58.444759368896484,30032000
2019-03-12,58.5954219125641,59.755631944132176,58.5954219125641,59.33634948730469,42220000
2019-03-13,59.76653882003293,59.82551371065459,59.36906235006115,59.426055908203125,25888000
2019-03-14,59.42406969020674,59.705573907102305,59.03799347607195,59.102420806884766,27302000
2019-03-15,59.373523455870405,59.55788568478085,58.82884986974462,58.991905212402344,51886000
2019-03-18,58.961676295913904,59.2223652052095,58.55478470956412,58.90517807006836,24442000
2019-03-19,59.06227983897908,59.64164564416971,58.950274057369434,59.59456253051758,29788000
2019-03-20,59.5420285063516,60.95896482575789,59.45232405589569,60.782527923583984,41508000
2019-03-21,60.46385655086534,61.27863040668714,60.294358088650746,61.263267517089844,28150000
2019-03-22,60.902464643554005,61.13936242847157,59.77000460105238,59.85177993774414,34422000
2019-03-25,59.45083944772492,59.94049704768397,58.97704007041028,59.342796325683594,27576000
2019-03-26,59.729860841033144,59.851780848264944,58.56866011714988,58.96910858154297,30752000
2019-03-27,59.07219131168147,59.07219131168147,57.69985775966232,58.38280487060547,29428000
2019-03-28,58.25841097953711,58.34513964794122,57.66021495319524,58.09832763671875,22402000
2019-03-29,58.49034876294825,58.67818587535877,57.80641476822833,58.32729721069336,30890000
2019-04-01,58.85511374092362,59.482549508327345,58.79663418796879,59.422088623046875,27706000
2019-04-02,59.475114723078725,59.76058538221272,59.038488072136474,59.7472038269043,18288000
2019-04-03,60.10205944667609,60.49358812897417,59.724411434921,60.008392333984375,22180000
2019-04-04,60.03217721312419,60.49110899110266,59.92066676957939,60.43659210205078,21022000
2019-04-05,60.42916357641518,60.48318513707382,59.96973642542001,60.04011154174805,20012000
2019-04-08,60.02326194743682,60.164012178438526,59.70557948026321,59.88300704956055,21750000
2019-04-09,59.56631529004036,59.82700041744997,59.39235505250016,59.605960845947266,19668000
2019-04-10,59.72490566065685,59.915710995430445,59.50535210028214,59.79230499267578,15510000
2019-04-11,59.91372867849581,60.10404245821148,59.697646234535476,59.94792556762695,16998000
2019-04-12,60.2467693751878,60.61500601666383,60.13129627514327,60.59914779663086,24312000
2019-04-15,60.66655387590557,60.924766109664986,60.194244304362236,60.78748321533203,23796000
2019-04-16,60.95946136008473,61.255833163732206,60.71364000416009,61.05412292480469,22622000
2019-04-17,61.306384043569125,61.707826972891674,61.103187803811146,61.462005615234375,30366000
2019-04-18,61.70286688717368,61.749454667918044,61.425824430606916,61.52791976928711,24750000
2019-04-22,61.29002693191078,62.165760741296786,61.12647625838535,62.13701629638672,19084000
2019-04-23,62.279751130770016,63.1614327114639,62.04830201170659,62.97111892700195,31868000
2019-04-24,62.97111799439468,63.140121109397725,62.43685776676012,62.44874954223633,23396000
2019-04-25,62.9567451492081,63.08064648305482,62.34715270413668,62.8100471496582,31344000
2019-04-26,63.10939566577657,63.38346613255993,62.694079634009796,63.30961990356445,27228000
2019-04-29,63.4627666841639,64.27853882657666,63.026635278611465,64.24037170410156,72368000
2019-04-30,59.008261271049264,59.52121083974043,58.6301141487377,59.42110061645508,133178000
2019-05-01,59.34874111934893,59.43547356873407,58.06908773280634,58.150367736816406,74340000
2019-05-02,58.11468664076694,58.45070777675976,57.40745681106529,57.812862396240234,45098000
2019-05-03,58.35307144991088,59.046424401851816,58.161770768787754,58.95473861694336,41588000
2019-05-06,58.08494666120773,59.246151168796715,58.04331599247697,59.14851760864258,31774000
2019-05-07,58.7693799619371,59.213440429540135,57.738024570214755,58.42493438720703,36604000
2019-05-08,58.347122338108534,58.69305769705968,57.86836964135155,58.02448654174805,25520000
2019-05-09,57.61908199810237,58.18753915543784,57.22457751787143,57.88521957397461,29556000
2019-05-10,57.92833997300798,58.29706822424379,56.814713878832414,57.868865966796875,31650000
2019-05-13,56.75871083102753,57.09225152322604,55.78038630759309,56.33000946044922,45626000
2019-05-14,56.61398903425303,56.7403670318664,55.68274392931907,55.748661041259766,40392000
2019-05-15,55.63417649626703,58.39717855611781,55.57718294046831,58.025474548339844,59302000
2019-05-16,58.07701671287002,59.18320897931862,57.90900804102215,58.70445251464844,35308000
2019-05-17,58.27476815236626,58.793170206037956,57.80840254673382,57.92536544799805,25362000
2019-05-20,57.14329990146067,57.14329990146067,56.40683030134103,56.72996520996094,30602000
2019-05-21,57.21664960649212,57.39110518272423,56.66305999382111,57.21466827392578,20562000
2019-05-22,57.05657168284372,57.67756443239656,57.04418079160819,57.284549713134766,18826000
2019-05-23,56.799850068247544,56.99709854002608,56.16002330553748,56.763668060302734,25214000
2019-05-24,57.09374027466447,57.21070317871385,56.33595995469446,56.43012619018555,18554000
2019-05-28,56.57236026093217,57.316263612047834,56.43309225495322,56.477203369140625,20948000
2019-05-29,56.137218561285856,56.2512094600293,55.108838931642744,55.50482940673828,36230000
2019-05-30,55.515236489311384,55.84481452164873,55.304602689770476,55.57768249511719,18088000
2019-05-31,54.796108526517585,55.180694960773586,54.68261297136005,54.83872985839844,31582000
2019-06-03,52.87762232282599,52.88108965458806,50.900158023010114,51.48051071166992,96890000
2019-06-04,51.76548395586114,52.456855563196314,51.34620148086811,52.26108932495117,60512000
2019-06-05,52.28637126838761,52.37607572748098,51.196040868149595,51.77292251586914,46988000
2019-06-06,51.85072922935905,52.038562570995836,51.32043164773946,51.927547454833984,29020000
2019-06-07,52.25068359643469,53.19976833285925,52.09555736130382,52.94898986816406,43828000
2019-06-10,53.37669591083266,54.26085796278407,53.29145324063986,53.662166595458984,28510000
2019-06-11,54.36740683242931,54.71532349175553,53.50406396703009,53.5769157409668,33508000
2019-06-12,53.52289992583973,53.6502685922045,53.00994658521202,53.48077392578125,23670000
2019-06-13,53.75880728879891,54.347584407336804,53.65274928851718,54.07103729248047,20814000
2019-06-14,54.00809362992854,54.25688695595238,53.598725420530506,53.83760452270508,24582000
2019-06-17,53.976382508420016,54.580027215672686,53.92186561538128,54.213775634765625,19770000
2019-06-18,55.08653575767853,55.447334881797815,54.555742847957134,54.77628707885742,34526000
2019-06-19,54.8754062364344,54.983944685210766,54.319831550644146,54.74010467529297,26714000
2019-06-20,55.5920554494287,55.6426096794379,54.863514924278896,55.17079162597656,24018000
2019-06-21,55.005255895121266,55.833411262620594,54.998317450408834,55.77394104003906,50774000
2019-06-24,55.50780040186352,55.684732634870436,55.1762410507709,55.3442497253418,24236000
2019-06-25,55.26396142736021,55.29468720373966,53.7533543057993,53.90104675292969,31644000
2019-06-26,54.070543792942544,54.2747344708787,53.21265330808006,53.541236877441406,34698000
2019-06-27,53.859913423621485,53.94466075953343,53.31970162089973,53.358360290527344,24078000
2019-06-28,53.38809463801861,53.664146423339844,53.21810085434756,53.664146423339844,33672000
2019-07-01,54.568131231127936,54.94231570143417,54.28514099136783,54.5165901184082,29196000
2019-07-02,54.7559742538864,55.15543209987001,54.50024243288937,55.14105987548828,20630000
2019-07-03,55.43345744358683,55.903789460004994,55.25256255020916,55.65598678588867,20154000
2019-07-05,55.47657471559063,56.2338596354491,55.38389826892284,56.1357307434082,29794000
2019-07-08,55.79871733277184,55.865129779203734,55.09942043753115,55.34870910644531,29888000
2019-07-09,55.028058509486314,55.89735308727769,54.870950929670514,55.720420837402344,29472000
2019-07-10,56.11838379168522,56.614979787378196,56.036113125488434,56.54410934448242,30710000
2019-07-11,56.804303658897304,57.15519235099968,56.47572008209479,56.70121765136719,26004000
2019-07-12,56.64422848804225,56.870720522308524,56.42765067938276,56.763668060302734,21878000
2019-07-15,56.76366653789222,57.028321905658885,56.49901495129465,57.0198974609375,21164000
2019-07-16,56.83255127205369,57.41984619018782,56.83255127205369,57.16609573364258,25352000
2019-07-17,57.040216276384555,57.41291098065989,56.82710581002027,56.83305358886719,19538000
2019-07-18,56.59813560223208,56.903926314334115,56.145155318337636,56.85783386230469,25450000
2019-07-19,56.96091013244402,57.072915906064864,56.06535171421517,56.08021926879883,23184000
2019-07-22,56.27450126082239,56.50000261071285,55.76601345050147,56.45985794067383,28914000
2019-07-23,56.6699941006798,56.938116775342806,56.14465364197187,56.897972106933594,20648000
2019-07-24,56.1332553469821,56.76961094147567,55.92955999931511,56.48563003540039,27192000
2019-07-25,56.44697665929907,56.67693980860666,55.69167676512891,56.29780197143555,54762000
2019-07-26,60.8603430969985,62.86209020191099,60.8603430969985,61.713775634765625,121216000
2019-07-29,61.57896409483417,61.900612992105195,60.96936785698194,61.5462532043457,41382000
2019-07-30,60.810772745558424,61.30192007994235,60.727511412745,60.86033630371094,28616000
2019-07-31,60.70521775546008,61.202804482900184,59.87805298671278,60.37464904785156,39960000
2019-08-01,60.346397654914995,61.27169128892185,59.81956738563338,60.05646896362305,35426000
2019-08-02,59.62132815732613,59.94346862631582,58.97703965700888,59.29026412963867,34910000
2019-08-05,58.13301073484551,58.32679560461829,56.63529379568205,57.230018615722656,47840000
2019-08-06,57.763795962239634,58.55081599085133,57.56604839828649,58.03935241699219,36014000
2019-08-07,57.38118492688738,58.474986261280904,57.036244038146585,58.27872848510742,30686000
2019-08-08,58.80010384530423,59.78388075791878,58.184068276743524,59.779422760009766,30116000
2019-08-09,59.47214659102437,59.693681486456704,58.72378145475183,58.92251968383789,20418000
2019-08-12,58.48143150180657,58.75946462189785,57.92238948180988,58.20884704589844,22064000
2019-08-13,58.201413132278304,59.741755408780435,58.134013799288674,59.310577392578125,28434000
2019-08-14,58.286660394406965,58.61970574265345,57.54325235821209,57.70085525512695,35430000
2019-08-15,57.90802583859096,58.30401257681687,57.6389124557346,57.95213317871094,28506000
2019-08-16,58.52058400398845,58.67174378363145,58.13450777764711,58.44227600097656,24916000
2019-08-19,59.06773336729353,59.93801853322621,58.99686291954529,59.494449615478516,24450000
2019-08-20,59.24219247695408,59.373527603627146,58.632596179749484,58.6563835144043,20206000
2019-08-21,59.26548209084223,59.50039855370916,58.87395339234102,59.05534362792969,14152000
2019-08-22,59.16537607552605,59.41218812917427,58.427420361730206,59.0523796081543,17352000
2019-08-23,58.737662373468076,59.25804953847052,56.99461908714988,57.17204666137695,36254000
2019-08-26,57.46296055884889,58.07800545014868,57.23498255791972,58.04430389404297,21166000
2019-08-27,58.630114839752,58.72923439799841,57.716217690538485,58.026466369628906,23460000
2019-08-28,57.731575067100515,58.40708458527979,57.50260641384166,58.17167282104492,16810000
2019-08-29,58.79960594138018,59.432494151210086,58.743107720986465,59.187171936035156,19636000
2019-08-30,59.48998909332239,59.48998909332239,58.764915966654016,59.00330352783203,18064000
2019-09-03,58.573116319883106,58.93143877153899,57.67409052559713,57.963523864746094,25908000
2019-09-04,58.4541735445941,58.72328688982896,58.06165419350819,58.59393310546875,21312000
2019-09-05,59.15842711580211,60.166490488974276,59.11035333615946,60.076786041259766,26394000
2019-09-06,59.92562534134293,60.11444934410257,59.63420688812718,59.785865783691406,18972000
2019-09-09,59.823530130124,60.491110590952744,59.13414366933151,59.73382568359375,31854000
2019-09-10,59.27886615419613,59.96825268261143,59.27489970782787,59.75514221191406,27922000
2019-09-11,59.665435454120896,60.58627108775235,59.58564144603767,60.4638557434082,23522000
2019-09-12,60.63583307117598,61.575003627092904,60.59073128645421,61.205780029296875,31644000
2019-09-13,61.06403124403574,61.50710482527738,60.814742564855344,61.45655059814453,23676000
2019-09-16,60.981266383780465,61.406496637334875,60.721072808839686,61.040245056152344,28218000
2019-09-17,61.04024273315963,61.20726073791632,60.629880051304234,60.95351028442383,20806000
2019-09-18,60.971361664849944,61.26872415791561,60.288913552195936,61.09080123901367,17440000
2019-09-19,61.07443906464093,61.67015463306158,61.0739437315395,61.39311218261719,16554000
2019-09-20,61.13986295949467,61.59383768130494,60.64128556724351,60.951534271240234,37692000
2019-09-23,60.78946477168961,61.439205689900824,60.65119121063101,61.191898345947266,20798000
2019-09-24,61.45506498727683,61.807439674243646,59.99996912431239,60.38108825683594,35804000
2019-09-25,60.26610204152155,61.85253668184716,59.92859493650378,61.74945068359375,26798000
2019-09-26,61.5611239611923,61.68651508439093,61.04966036820678,61.56855773925781,23166000
2019-09-27,61.59532315628802,61.702375614305154,60.22596522411003,60.75874328613281,34122000
2019-09-30,60.49359211031642,60.83109925665571,60.13775007542011,60.520355224609375,24470000
2019-10-01,60.58725465375296,61.10119863781525,59.74769912598516,59.77000045776367,24504000
2019-10-02,59.299188829566255,59.41119462519664,58.11617818635904,58.378353118896484,33030000
2019-10-03,58.64696725071422,59.026600399615326,57.64584604008084,58.94879150390625,28368000
2019-10-04,59.189656894404564,60.090172558823994,59.02511554096325,60.015830993652344,24282000
2019-10-07,59.8195610228065,60.40982790071452,59.68872124767629,59.88151168823242,17040000
2019-10-08,59.41168077323603,59.81311988849005,58.95126298908241,58.98347854614258,20086000
2019-10-09,59.5385599553945,59.89192530446098,59.37946727812041,59.59158706665039,15948000
2019-10-10,59.40326022781254,60.24677851453171,59.36658667048485,59.94198226928711,12842000
2019-10-11,60.663579965023196,60.89750574443439,60.14864529422932,60.25123596191406,22330000
2019-10-14,60.16104500809434,60.755274653708724,60.06143010552229,60.35334014892578,13296000
2019-10-15,60.53819768684944,61.80843224412297,60.509453240407424,61.56608200073242,27584000
2019-10-16,61.544762027600875,62.15832087864301,61.38220203620396,61.60374069213867,22986000
2019-10-17,62.02005113319439,62.63212402257517,61.94422357766576,62.08943557739258,20958000
2019-10-18,62.18310818244635,62.352602851732314,61.46200149482025,61.67362594604492,31624000
2019-10-21,61.88624115161413,62.124624934248146,61.45456780462975,61.66718292236328,18094000
2019-10-22,61.67709021317982,61.887723987732535,61.447626219310095,61.51453399658203,22862000
2019-10-23,61.46547631131117,62.34913927685717,61.46547631131117,62.328819274902344,21282000
2019-10-24,62.40216827392578,62.5900016171364,62.06713780900959,62.40216827392578,20224000
2019-10-25,62.049789425950415,62.84276102517835,61.908543864862274,62.659385681152344,27104000
2019-10-28,63.18968779546607,64.39103327521435,63.05637133582272,63.88254165649414,65428000
2019-10-29,63.23924560489196,63.47713785052904,62.228705511114924,62.47898864746094,52654000
2019-10-30,62.205899749563365,62.843745049570245,61.98287887408168,62.480960845947266,29204000
2019-10-31,62.44627667901686,62.769411592307705,61.924898861304875,62.386802673339844,31904000
2019-11-01,62.733726712824655,63.090563173237854,62.43190247703901,63.05339050292969,28812000
2019-11-04,63.24469089449877,64.05698798852949,63.24469089449877,63.91375732421875,30632000
2019-11-05,63.992552381619156,64.29189991159951,63.90235639359178,64.00444793701172,25148000
2019-11-06,63.93755714570713,64.08127938150476,63.54999487986171,63.983150482177734,24626000
2019-11-07,64.14521203530747,65.55124732510535,64.11894803478323,64.77265167236328,45140000
2019-11-08,64.50401964958242,65.27667118223397,64.50401964958242,64.8747329711914,30392000
2019-11-11,64.62694956125904,64.6715598004525,64.2240281264011,64.34346771240234,17234000
2019-11-12,64.35782364879786,64.8920876877892,64.14322718981167,64.29042053222656,28852000
2019-11-13,64.09069674798155,64.55359504237842,64.03965096393655,64.2393798828125,20538000
2019-11-14,64.18089338195229,65.20779076149725,64.12835782292629,64.88217163085938,28948000
2019-11-15,65.1745913589685,66.0909652709961,65.01797533171812,66.0909652709961,39286000
2019-11-18,66.03148642309691,66.10979443546886,65.22959876419937,65.41197967529297,27984000
2019-11-19,65.74849152659021,65.74849152659021,65.0120257076676,65.05266571044922,21864000
2019-11-20,64.99171291711811,65.08339870952443,63.89394873060489,64.52088928222656,28892000
2019-11-21,64.39153493682359,64.97981680887413,63.970267309920125,64.4356460571289,25546000
2019-11-22,64.57738943791793,64.77067525431099,63.90138441373106,64.114990234375,27776000
2019-11-25,64.24334937614718,64.9446276928493,64.21113381502923,64.70822143554688,23590000
2019-11-26,64.91983028283337,65.12303026378767,64.62891476116123,65.0729751586914,21910000
2019-11-27,65.1929358631008,65.30296033361559,64.89805001505258,65.02987670898438,18808000
2019-11-29,64.7558015227708,64.9218250921024,64.58877972481791,64.63140106201172,12802000
2019-12-02,64.55556762557949,64.69830674310012,63.456313830417564,63.876590728759766,26538000
2019-12-03,63.37106510888503,64.29140903903541,63.29127489510686,64.16799926757812,25270000
2019-12-04,64.7310225855043,65.63153827654885,64.57985900377882,65.36737823486328,35506000
2019-12-05,65.766843393421,65.81541629819384,65.13842056705971,65.76486206054688,24408000
2019-12-06,66.05179958683928,66.5335280445516,65.97647114352957,66.3808822631836,32968000
2019-12-09,66.3546134438284,67.28090140339582,66.21633611365712,66.55929565429688,30842000
2019-12-10,66.40814912656901,66.80760694308702,66.11375487153835,66.55435180664062,17606000
2019-12-11,66.82246178487691,66.9012613315833,66.46562537308345,66.62174224853516,20480000
2019-12-12,66.57021432306982,67.13371441128764,66.32192006432038,66.83189392089844,29114000
2019-12-13,66.80263268518212,66.9736171125917,66.49337849789829,66.7515869140625,33170000
2019-12-16,67.15453588142127,67.5772857409777,66.93696739622504,67.4370346069336,28128000
2019-12-17,67.52176540880079,67.61692229902084,66.94488007036423,67.1490707397461,32948000
2019-12-18,67.25365303600968,67.37408327591658,66.9295312097987,67.00138854980469,23330000
2019-12-19,67.00138804031042,67.27992408819243,66.84477957442238,67.22589874267578,28922000
2019-12-20,67.55595921284369,67.60056187619001,66.94289568077183,66.96717834472656,50090000
2019-12-23,67.3393969509009,67.49402409017587,66.80761329394315,66.93795776367188,19936000
2019-12-24,66.91712999282349,67.00634289086061,66.61778997900616,66.63066864013672,13468000
2019-12-26,66.73574073401721,67.56092791296443,66.68419583939209,67.52474212646484,23662000
2019-12-27,67.60056959640701,67.75173316701557,67.05540822557307,67.13668823242188,23212000
2019-12-30,67.24422456030106,67.25363966980721,66.30405970566383,66.39673614501953,19994000
2019-12-31,66.20246403579617,66.4438235977551,66.02107380979206,66.3808822631836,19514000
2020-01-02,66.82792341596551,67.83251190185547,66.73276652225083,67.83251190185547,27278000
2020-01-03,66.80760017733454,68.08378239307208,66.77389484039315,67.47765350341797,23408000
2020-01-06,66.98750339759994,69.3014879316115,66.95628606830468,69.27621459960938,46768000
2020-01-07,69.40754568235849,69.55821012407621,68.96645724727993,69.14239501953125,34330000
2020-01-08,69.1280416231238,69.97205921636909,69.01950692580591,69.63455200195312,35314000
2020-01-09,70.47161667281351,70.8061518370151,69.89076858429041,70.36556243896484,33200000
2020-01-10,70.84529584599768,71.11639050055818,70.35613364348731,70.82001495361328,26258000
2020-01-13,71.13174702309243,71.44050966672661,70.64209328646724,71.36865234375,30730000
2020-01-14,71.36717204334909,71.49751649539529,70.76104311691866,70.90081024169922,26076000
2020-01-15,71.02124763841545,71.40583792168397,70.95384451597616,71.32752990722656,21550000
2020-01-16,71.63727803469492,71.89747539401914,71.3671740127522,71.87071228027344,26080000
2020-01-17,72.48425360694407,73.37683617620014,72.18738652790725,73.32579040527344,52424000
2020-01-21,73.30003517222072,73.83926013588128,72.8643991173482,73.46111297607422,48930000
2020-01-22,73.831821043348,74.36954862534002,73.48142768998797,73.54138946533203,28458000
2020-01-23,73.72378735471344,74.01867318733109,73.36546106331161,73.58203887939453,26650000
2020-01-24,73.98494642892575,74.05334019971716,72.51597013718991,72.6641616821289,29786000
2020-01-27,70.94789842652807,71.19768245755475,70.35118456784836,70.95731353759766,34132000
2020-01-28,71.45340418513541,72.10066465532061,70.88940505128319,71.88755798339844,29724000
2020-01-29,72.28204821190393,72.56355620090642,71.63429624956653,72.19482421875,21566000
2020-01-30,71.27301975529194,72.12298130140023,71.1193832731778,72.07342529296875,27110000
2020-01-31,72.74792746502517,72.83763191582841,70.72585665176216,71.00934600830078,43822000
2020-02-03,72.44015314026151,73.66182608356632,72.19036913116597,73.47844696044922,71636000
2020-02-04,72.08529638672556,72.72214343718149,70.47656052595002,71.63528442382812,95880000
2020-02-05,72.53728878225081,72.58536256030895,70.85570477873623,71.66700744628906,36376000
2020-02-06,71.96091341803267,73.42691809405072,71.88657563140107,73.14987182617188,37822000
2020-02-07,72.72462536770595,73.60977419551057,72.62649648623446,73.30547332763672,28360000
2020-02-10,73.21232884346149,74.78091679492809,73.11171948324092,74.77001190185547,38302000
2020-02-11,74.99846724762173,75.82167304144915,74.61090502112194,74.8393783569336,34852000
2020-02-12,75.12684294355199,75.34689187241607,74.77050554826452,75.26412963867188,31042000
2020-02-13,74.83640497378897,75.62689608164477,74.53903875028274,75.0044174194336,22914000
2020-02-14,75.06092014232502,75.33449526939701,74.6158614465477,75.26907348632812,23198000
2020-02-18,75.0515118488402,75.85538085243427,74.8864713768279,75.30426788330078,25642000
2020-02-19,75.68884113834758,75.86428734845984,75.38057760977838,75.5733642578125,22746000
2020-02-20,75.2829486635649,75.68240645418584,74.55192774826135,75.1828384399414,25962000
2020-02-21,74.56779071017739,74.8834956332235,73.27475947782071,73.52107238769531,42520000
2020-02-24,70.52710913822696,71.1877548802108,69.72125896753626,70.36901092529297,49560000
2020-02-25,70.92113012166743,71.21105502268838,68.41435887341959,68.7067642211914,51580000
2020-02-26,69.13596510821695,70.0622532674359,68.22256317384887,68.91244506835938,49776000
2020-02-27,67.35972332978776,67.86821503169102,65.13445202212935,65.16963958740234,62290000
2020-02-28,63.15549166870897,66.53254456868979,62.85317207191718,66.37395477294922,80198000
2020-03-02,66.97561657220051,68.76375399776019,65.67762449941802,68.7067642211914,55430000
2020-03-03,69.26977724679543,69.79065597401333,65.87784927791827,66.29812622070312,56602000
2020-03-04,67.35078505307477,68.53131891334556,66.26243609006487,68.47283935546875,47598000
2020-03-05,66.68617596648993,67.08663199651346,64.50997717418309,65.16020965576172,54380000
2020-03-06,62.9394150756539,64.56499655495136,62.30801270797199,64.21758270263672,64640000
2020-03-09,59.71846256922305,62.08596950725931,59.37550300597867,60.25520324707031,69252000
2020-03-10,62.16823554563993,63.23180259779627,60.191758315709066,63.19810104370117,54872000
2020-03-11,61.864928567207265,62.29412145420184,59.03353279180073,60.012847900390625,54732000
2020-03-12,55.63764838838644,58.91508605796514,54.93636636348303,55.089012145996094,94326000
2020-03-13,58.233132133653775,60.1863137168854,55.12568453350552,60.17987060546875,79400000
2020-03-16,54.00165747110648,56.77010841763743,52.88505935869878,53.17845916748047,96520000
2020-03-17,54.05270334557388,55.80516162378033,51.99395905552296,55.411651611328125,83194000
2020-03-18,52.531200617401105,54.763901592375014,51.39427867918627,54.0799674987793,93044000
2020-03-19,53.932764120819286,57.12396841730102,52.313622306797946,55.0949592590332,74064000
2020-03-20,56.048007686267525,56.4236781479315,52.638244210911644,52.94105911254883,82878000
2020-03-23,52.35426310073486,52.8766315654061,50.00013767795823,52.243247985839844,83672000
2020-03-24,54.71383949660357,56.1684399560884,53.84404970701331,56.00389862060547,72468000
2020-03-25,55.73478676010555,56.80479702099747,53.67455646153341,54.59687805175781,90324000
2020-03-26,55.246119650005106,58.05917685755691,54.121592502034,57.63493728637695,76562000
2020-03-27,55.87802267264633,57.04666104910788,54.71483674205059,55.02508544921875,62794000
2020-03-30,56.13424989783676,57.044180684671595,54.44175700603659,56.81174087524414,58736000
2020-03-31,56.93167488332719,58.154330943122716,56.33645085139658,57.58686447143555,65228000
2020-04-01,55.7060512378909,55.97466929092449,54.19395782667503,54.62067413330078,51970000
2020-04-02,54.516586008080246,55.645079550192946,54.17610690265564,55.36060333251953,56410000
2020-04-03,55.24562211424247,55.4478276673134,53.28153946046502,54.15479278564453,51374000
2020-04-06,56.1520919468335,59.014210036271294,55.755606124149715,58.63953399658203,63320000
2020-04-07,60.315667229775336,60.50251369057454,58.34514131104988,58.608306884765625,61620000
2020-04-08,59.62627903343339,60.21109350341691,58.67719432513304,59.81956481933594,40334000
2020-04-09,60.37365144573341,60.56247544600904,59.09697009884195,59.79825210571289,54028000
2020-04-13,59.54698356017191,60.192262693866695,58.59690819494701,59.98856735229492,38702000
2020-04-14,61.45358277533107,63.22685654351929,60.88710314879472,62.705482482910156,63358000
2020-04-15,61.77770250465346,63.195134097542535,61.15770048868612,62.312461853027344,42236000
2020-04-16,62.80013418506722,63.10840152659315,61.36585370716055,62.31890106201172,57896000
2020-04-17,63.52174361887628,63.9330970110013,62.74364328712094,63.38793182373047,51050000
2020-04-20,62.93642471323275,63.27987960151955,62.26983493676543,62.503265380859375,35292000
2020-04-21,61.58938058894229,61.950675080803,59.720450777894094,60.0753059387207,49648000
2020-04-22,61.51007469601736,63.43153606448749,61.31629358182884,62.36747360229492,46296000
2020-04-23,62.73075313152235,63.84140722065894,62.472544668602076,62.9998664855957,34202000
2020-04-24,62.198472543384035,63.32399415868227,61.65330740481523,63.26898193359375,37402000
2020-04-27,64.03220981010499,64.1362902612002,62.697048874068805,62.984500885009766,44186000
2020-04-28,63.59607502568747,63.67338479323681,60.97828522821786,61.08781433105469,80700000
2020-04-29,66.65893225426555,67.40977419984048,65.75346316454112,66.51917266845703,108358000
2020-04-30,65.98292232013938,66.90673001324649,65.49425157692038,66.74317932128906,55842000
2020-05-01,65.62260463477621,66.97759396680019,64.90744952945606,65.28707885742188,48872000
2020-05-04,64.83163266643618,65.64145324251461,64.23095612274317,65.56363677978516,30806000
2020-05-05,66.28720533242121,67.94797757548697,66.16479379429924,66.85813903808594,39666000
2020-05-06,67.30322237891274,67.83302473191479,66.6653768871208,66.68024444580078,31732000
2020-05-07,67.46724007066607,68.19528887818169,67.03259478889485,67.86223602294922,30652000
2020-05-08,68.48374294304661,69.21822742140198,67.99755269554913,68.60863494873047,33326000
2020-05-11,68.23444914371004,70.1544207533012,68.17051714278251,69.56266784667969,32718000
2020-05-12,69.79215149229233,70.09496266146002,68.12146448577768,68.15467071533203,33918000
2020-05-13,68.20321596744674,68.65768970686308,65.81687529627737,66.82394409179688,40368000
2020-05-14,66.08995399635016,67.27196979905641,65.58344385621427,67.24669647216797,36660000
2020-05-15,66.82048436815816,68.1249118737089,66.36154882389845,68.0495834350586,41544000
2020-05-18,67.48063205826992,69.02592758289641,67.11487206226282,68.65026092529297,47094000
2020-05-19,68.66512886344131,69.01254263159231,68.0842808724935,68.11599731445312,31586000
2020-05-20,68.84751154962743,69.9809622319671,68.76127821697874,69.8387222290039,38262000
2020-05-21,69.92941872936086,70.20051340358503,69.10671203417986,69.71928405761719,30894000
2020-05-22,69.57803347006285,70.22727525632826,69.18402813173392,70.04093170166016,28544000
2020-05-26,71.46430955805518,71.62042645531723,70.34622550732381,70.44385528564453,44590000
2020-05-27,70.37595465466231,70.64110531286433,69.11712048333816,70.38983154296875,31684000
2020-05-28,69.38474775293726,71.5882086759432,69.339154421006,70.28873443603516,35170000
2020-05-29,70.39727026219002,71.20510940143461,70.17672981418404,71.0460205078125,37044000
2020-06-01,70.6584640274907,71.44548411572828,70.48896178135337,71.11293029785156,25162000
2020-06-02,71.1193624308014,71.5158481937541,70.45574467809989,71.48165130615234,23442000
2020-06-03,71.50098628255836,71.8137116263457,70.9518547053143,71.33000183105469,27732000
2020-06-04,71.20757368873142,71.43258345102366,69.68259827012282,70.09345245361328,26982000
2020-06-05,70.15986891378326,71.67939953713636,69.7623924809076,71.36815643310547,42642000
2020-06-08,70.6872055170517,71.81321492577551,70.59799261823765,71.76564025878906,33878000
2020-06-09,71.62686911667684,72.74495316037958,71.48412999551343,71.96585845947266,33624000
2020-06-10,72.43321038271085,72.99125789477492,72.07885440964705,72.59130859375,31762000
2020-06-11,71.41821322493519,71.9420714461508,69.30594657750737,69.47891235351562,47144000
2020-06-12,70.66637905468488,71.09508037664003,68.68098578681742,70.02507019042969,36676000
2020-06-15,68.86387657318849,70.62376878994888,68.75038100177098,70.41264343261719,30468000
2020-06-16,71.81321161861592,72.21812185182957,70.82150937457023,71.68782806396484,30648000
2020-06-17,72.00849116981989,72.46741921038576,71.12581508481102,71.98866271972656,30610000
2020-06-18,71.85534618092774,72.00997330472221,70.68521806962335,71.07575988769531,34862000
2020-06-19,71.36716642098271,71.59018730358088,70.32639221907522,70.60591888427734,52784000
2020-06-22,70.62427101191889,71.90986855922523,70.33582829633444,71.89549255371094,29442000
2020-06-23,71.96189170393863,73.11169968828236,71.61496948877875,72.55562591552734,37752000
2020-06-24,72.5209391776435,73.14093740058806,70.87156316474966,71.00537872314453,31592000
2020-06-25,70.93202293315196,71.48214515083893,70.35315627186846,71.42168426513672,23958000
2020-06-26,71.00191289630564,71.21948135641514,67.15452813817328,67.52821350097656,97640000
2020-06-29,67.41917770561653,69.28563069385827,66.98849501522294,69.24449157714844,45074000
2020-06-30,69.23012100555543,70.57419791827895,68.73698854618216,70.27931213378906,40286000
2020-07-01,70.33483147032733,71.78745069882932,70.08752033557674,71.46629333496094,42182000
2020-07-02,71.95397942537618,73.77185972487115,71.91581230303315,72.85052490234375,57218000
2020-07-06,73.75352024380426,74.83641685386787,73.19992682329604,74.3234634399414,44712000
2020-07-07,74.1490043020227,75.39743275025508,73.83032740946122,73.84123229980469,42364000
2020-07-08,74.38044955606385,74.89439355873654,73.95918199653875,74.51921844482422,31766000
2020-07-09,74.83293808896195,75.7849985849552,74.12224472312172,75.2656021118164,41836000
2020-07-10,74.99747336522512,76.38963154936391,74.37648449858449,76.27415466308594,35918000
2020-07-13,76.81586355325133,78.12525214839029,74.6659286390458,74.94693756103516,42954000
2020-07-14,73.98347375977394,75.4707813470095,73.643486194084,75.3746337890625,38108000
2020-07-15,75.49209774784732,76.14133958926885,74.2332634031044,75.1773910522461,31026000
2020-07-16,74.41513840582077,75.12931041610598,73.75945351224223,75.08024597167969,26484000
2020-07-17,75.1788829489211,75.50202169298558,74.24665073742894,75.17591094970703,34264000
2020-07-20,75.08422249590244,77.76098790200676,74.47462993566776,77.5047607421875,30166000
2020-07-21,78.55494094995885,78.65505117777408,76.94867771392333,77.11222839355469,27486000
2020-07-22,77.10181793412379,77.6603646078769,76.48330192524752,77.55480194091797,24482000
2020-07-23,77.60833100238632,77.827389236186,74.7665255226966,75.17094421386719,33910000
2020-07-24,74.30065587172042,75.10551538900812,73.72575189517956,74.74768829345703,29902000
2020-07-27,74.99797375278568,76.20229106815995,74.95188130787318,75.79936218261719,27124000
2020-07-28,75.57982039046628,75.62987550532888,74.3665793891612,74.5217056274414,30910000
2020-07-29,74.58860175422343,75.99264795596048,74.4899737531513,75.50596618652344,22676000
2020-07-30,74.24019694838614,76.36733890949552,74.10142804829563,76.24244689941406,36042000
2020-07-31,74.19459395635562,74.58958993707091,72.06100916107408,73.74359130859375,91468000
2020-08-03,73.89476289216728,74.22829979718547,72.93923127224508,73.48638153076172,45482000
2020-08-04,73.68214077349012,73.99932787425692,72.55810525124386,73.01753234863281,37212000
2020-08-05,73.19198418685275,73.84518857436902,72.91443887072055,73.30448150634766,29134000
2020-08-06,73.15878241875599,74.65154238351218,72.94814864418152,74.58612060546875,33306000
2020-08-07,74.78882893893368,75.33647070213861,73.66033162813625,74.26001739501953,27718000
2020-08-10,73.8848401459376,74.69515210121888,73.2251850652829,74.18319702148438,20546000
2020-08-11,74.04343941326381,74.8582208141743,73.25989046753106,73.37635803222656,31098000
2020-08-12,73.70247590056702,74.91918811247346,73.59740476873101,74.69963073730469,22512000
2020-08-13,74.74769707911409,76.17306163204127,74.74769707911409,75.16598510742188,22388000
2020-08-14,75.01531784878155,75.32160764285088,74.29123915630834,74.57026672363281,21942000
2020-08-17,75.13228262566284,75.51935329930157,74.58860350836233,75.14566040039062,19990000
2020-08-18,75.6353335447207,77.18410047054229,75.41479306689972,77.10530090332031,28378000
2020-08-19,76.94224634447434,77.75355675464054,76.32323865160832,76.55171203613281,30472000
2020-08-20,76.3217300452834,78.31406556338243,76.04865405295624,78.11978912353516,26382000
2020-08-21,77.8992550883614,78.89443614081047,77.42893057340312,78.08610534667969,34838000
2020-08-24,78.92367069100864,79.73200903262453,78.05983234855898,78.5608901977539,25638000
2020-08-25,78.31060210938294,79.7369573344737,78.20057765629728,79.5867919921875,25150000
2020-08-26,79.60910055247213,81.91317116457778,79.3454396201042,81.48397064208984,52188000
2020-08-27,81.6068648180924,81.67525859379464,80.22908264259587,80.71031951904297,31350000
2020-08-28,80.75740589680068,81.34617922901354,80.5661014503227,81.25102233886719,22418000
2020-08-31,81.45620943407884,81.50230188313334,80.55223025727368,80.76038360595703,26422000
2020-09-01,80.89072586563118,82.23183081944713,80.76038141438515,82.02664947509766,22652000
2020-09-02,82.66747534545358,85.54645001185607,82.2799130648107,85.11477661132812,49522000
2020-09-03,84.22911293255147,84.25290404476684,79.67896062981355,80.75938415527344,63726000
2020-09-04,79.74289125622084,81.03096897134081,76.2226083165763,78.36560821533203,55850000
2020-09-08,75.57981382695054,77.09388450025051,75.158546265931,75.51042938232422,54032000
2020-09-09,76.76431129264915,77.2509930776457,75.58823926894804,76.68154907226562,39242000
2020-09-10,76.82775166747923,77.99142901908637,75.33201208144567,75.63185119628906,33024000
2020-09-11,75.73592613662498,76.25878610515645,73.99486445257723,75.12187194824219,30706000
2020-09-14,75.9093897485379,77.16575111984385,74.59405726973172,74.7784194946289,42660000
2020-09-15,75.72305640030964,76.86790369780455,75.43610346676509,76.08137512207031,23042000
2020-09-16,76.44613252697442,77.03540497341557,74.9152054033124,74.93998718261719,22128000
2020-09-17,73.63753395614539,74.27438863369424,72.48029972090434,73.69849395751953,40008000
2020-09-18,73.76093762707353,74.10290649367926,70.95184715268981,71.91678619384766,63056000
2020-09-21,70.9518489978719,71.37013697756234,69.51756861538587,70.87850189208984,56908000
2020-09-22,71.87863322198784,72.555137240123,70.84678253105847,72.34945678710938,33950000
2020-09-23,71.96636537964568,72.01542983095999,69.51758190655079,69.85012817382812,37726000
2020-09-24,69.51757350502828,71.26755132764286,69.49130194472214,70.5177001953125,34552000
2020-09-25,70.62624357149211,71.6615578347478,69.76537731139764,71.32058715820312,30326000
2020-09-28,72.95262280781392,73.00217881108502,71.67842173057377,72.29197692871094,30784000
2020-09-29,72.55216627798126,72.95310628877834,72.0610151428717,72.65673828125,31816000
2020-09-30,72.40496388039755,73.65686345741786,72.14824521381277,72.63591766357422,40924000
2020-10-01,73.5309923128231,74.09648130270617,73.19100469621421,73.74112701416016,32884000
2020-10-02,72.34004873717964,73.30152440996176,71.73144688729637,72.14031982421875,31222000
2020-10-05,72.48971861393626,73.58252935432779,72.36284527360293,73.48985290527344,21602000
2020-10-06,73.12657100866626,73.5736034655769,71.61547229083051,71.913330078125,26096000
2020-10-07,72.3241898254817,72.80294632471846,71.03165012534033,72.31576538085938,36108000
2020-10-08,72.62848419076307,73.74755887897275,72.62848419076307,73.51958465576172,26076000
2020-10-09,73.98694007707145,74.92809569109109,73.69651605996611,74.85871124267578,32966000
2020-10-12,76.2240954855972,78.72293349802754,75.79291373880893,77.54190826416016,55344000
2020-10-13,78.15745877492236,78.5613783321132,77.2465374414875,77.66482543945312,39072000
2020-10-14,78.03803383349177,78.49646280342338,76.61564111614656,77.48493194580078,33174000
2020-10-15,76.54624094186421,77.8794204762289,76.37922672671863,77.08992004394531,31210000
2020-10-16,77.40513702977627,78.19215712949148,77.19847345120955,77.69606018066406,34194000
2020-10-19,78.1039468484506,78.5004327006998,75.47674503291947,75.82514953613281,29734000
2020-10-20,75.48614593995441,78.00035081850514,75.35679216195857,76.87235260009766,41670000
2020-10-21,77.80260988770006,80.04721007346663,77.66830276739462,78.6025161743164,60322000
2020-10-22,78.55345638173165,79.96196457771984,78.18076166313445,79.62693786621094,30512000
2020-10-23,80.04274592114754,80.98786419123687,79.88712057504252,80.93136596679688,30548000
2020-10-26,80.04026846122382,80.76285741115254,77.70001980831707,78.51826477050781,35826000
2020-10-27,78.74823094631225,79.39598302527754,78.15647798175637,79.2413558959961,25902000
2020-10-28,76.81931609548569,77.00764095601889,74.76106746615663,74.87604522705078,45174000
2020-10-29,75.18432605139941,78.73880642032361,75.16103405027546,77.1598129272461,55406000
2020-10-30,82.63922363317832,83.32712413026837,79.37466827076221,80.09527587890625,99878000
2020-11-02,80.46350808110766,82.18325914696204,80.00259120096713,80.50216674804688,44228000
2020-11-03,80.82134439367809,82.22092895585259,79.89703764384542,81.5597915649414,31432000
2020-11-04,84.52946169743666,87.72364199998071,84.40159768740916,86.5252685546875,71342000
2020-11-05,87.74445397974725,88.80356697686386,86.28638227990174,87.35044860839844,39758000
2020-11-06,86.79735774216776,87.64781830534946,86.0707985293966,87.21317291259766,28622000
2020-11-09,89.00972958301574,90.04603445916274,87.10511715128658,87.29691314697266,53440000
2020-11-10,85.72833957681642,87.19582647139622,85.05183546900807,86.12234497070312,43022000
2020-11-11,86.65163888970832,87.37026514561057,86.38698732276887,86.59365844726562,31838000
2020-11-12,86.33445155052767,87.473354716202,86.1347226524478,86.37509155273438,26474000
2020-11-13,86.63182371544983,88.07551943409571,86.03610809341275,87.83415985107422,29744000
2020-11-16,87.43173727377025,88.92846779358723,87.29246924365212,87.92189025878906,25468000
2020-11-17,87.61608790911133,88.07601416521123,87.20127099757448,87.3088150024414,21314000
2020-11-18,87.06001562220402,87.47434095308526,86.16445340083658,86.26704406738281,20108000
2020-11-19,85.89980786283361,87.39951018398297,85.7407189638763,87.15567016601562,20106000
2020-11-20,87.32567037760874,87.64087619997211,85.98753730379259,86.0559310913086,27694000
2020-11-23,86.24623688977317,86.53219912341163,84.7574394883768,85.6187973022461,22530000
2020-11-24,85.61582709012495,87.54769432891005,85.28030128891842,87.41983032226562,27984000
2020-11-25,87.61360945809936,87.74097434206601,86.6496534535001,87.43122100830078,19600000
2020-11-27,87.451537281443,89.06077233033807,87.451537281443,88.56565856933594,14790000
2020-11-30,88.00216651160646,88.23460252032878,86.62388510850603,86.94900512695312,32418000
2020-12-01,87.55662641475615,90.28542819587183,87.3767183822079,88.97901153564453,37350000
2020-12-02,88.97900820349736,90.83158444204322,88.47398769607074,90.44649505615234,29424000
2020-12-03,90.22694308661454,91.38120542558583,90.05149684455593,90.29137420654297,24728000
2020-12-04,90.21108177907736,90.67100047469899,89.88249064101637,90.38652801513672,20544000
2020-12-07,89.97963146661887,90.66059731465431,89.35963318737376,90.05298614501953,22288000
2020-12-08,89.63122447433899,90.00044805346998,88.77680130408386,89.7704849243164,19936000
2020-12-09,89.7224040243927,90.61499424253762,87.32565738141666,88.11168670654297,31728000
2020-12-10,87.35539163522937,87.96944584482684,85.91466810867063,87.60567474365234,28688000
2020-12-11,87.22654341563204,88.08443768580932,86.86673495252047,87.96003723144531,18628000
2020-12-14,87.7578251565572,88.70343487026673,86.68780744073449,86.84293365478516,33050000
2020-12-15,87.21960661761919,87.42478797554355,86.31810785244136,87.28007507324219,21352000
2020-12-16,87.67804256144234,87.67804256144234,86.6843589008534,87.0872802734375,24676000
2020-12-17,87.42132553147147,87.55910377145933,85.7967310991824,86.26061248779297,34880000
2020-12-18,86.54112123455688,86.64965590183743,84.99631718680045,85.55238342285156,85256000
2020-12-21,84.70539704892414,86.08665047301542,83.95554588894409,85.9657211303711,33974000
2020-12-22,85.70652202058871,85.86908203246823,84.53937350209927,85.2550277709961,20370000
2020-12-23,85.43890137207586,86.43902813362216,85.30359602075463,85.65200805664062,22974000
2020-12-24,85.69016438918781,86.35477287610888,85.45970970994662,85.9458999633789,9312000
2020-12-28,86.47867070685578,88.56467341724073,86.32553337453282,87.91840362548828,27650000
2020-12-29,88.57608406440532,88.63753562271515,86.98419679793523,87.11553192138672,19726000
2020-12-30,87.4743497229206,87.61113729202937,85.6406113261825,86.04948425292969,21026000
2020-12-31,86.10003157948303,87.10263870414872,86.04154446235164,86.86177825927734,21070000
2021-01-04,87.22654765590151,87.34994988769441,84.60677983237008,85.54793548583984,37324000
2021-01-05,85.49638156177933,86.57382555725187,85.09048067381308,86.23780822753906,20360000
2021-01-06,84.26579998759716,86.43209217105506,84.05962797006715,85.38685607910156,46588000
2021-01-07,85.57913758743977,88.10969962135877,85.57913758743977,87.9372329711914,41936000
2021-01-08,88.07700817599742,89.1772527342026,87.2870085349712,89.10142517089844,35484000
2021-01-11,88.07005241001238,88.43482172822067,86.83699069876916,87.04266357421875,34796000
2021-01-12,86.500970600687,87.61806393795727,85.06470881881626,86.10795593261719,29528000
2021-01-13,85.60691063338058,87.04764196663757,85.60691063338058,86.59465789794922,23432000
2021-01-14,86.67493484651867,87.60073138346526,85.54495518482686,85.78532409667969,29212000
2021-01-15,85.69115721631205,86.61298351886033,84.8332704806772,85.62177276611328,31444000
2021-01-19,86.38400845133536,89.39927102495157,85.8799786898442,88.43928527832031,41660000
2021-01-20,90.51587815953016,94.1511470150999,90.17589812607974,93.17728424072266,64152000
2021-01-21,93.85029425003283,95.75489888113725,93.14454678287652,93.37946319580078,58634000
2021-01-22,93.74176301889445,94.38258034216909,93.00033636251251,93.79627990722656,32744000
2021-01-25,94.79642238688461,95.2464344214254,92.14096797256826,93.88153076171875,50586000
2021-01-26,93.47066453918194,94.9455849000485,92.98200145881957,94.55901336669922,31462000
2021-01-27,92.92154742901175,93.19710390065373,89.07416260309691,90.14764404296875,82512000
2021-01-28,90.74535172102193,93.56980187286253,90.74535172102193,91.84559631347656,55278000
2021-01-29,90.89501477242058,91.56507572986428,89.28628617453063,90.56494140625,44530000
2021-02-01,91.41888032500599,94.93520139792163,91.41888032500599,93.82157897949219,40252000
2021-02-02,94.81575036485842,96.61182068763402,94.48071611878922,95.11261749267578,66332000
2021-02-03,102.37274430388717,104.40522092105503,99.79261830171446,102.03919982910156,97882000
2021-02-04,102.12542242838796,102.55560597377604,100.86063667469075,101.77899932861328,48596000
2021-02-05,102.07289876311265,103.87591138224194,101.59910316453163,103.5235366821289,29866000
2021-02-08,104.07712038040832,104.82052838312552,102.26073015453102,103.30992126464844,28828000
2021-02-09,102.82820882981224,104.00329035138957,102.59032034935547,102.85745239257812,21892000
2021-02-10,103.24153433379384,104.02161972399544,101.71011556158754,103.40706634521484,25102000
2021-02-11,103.6310759901082,103.77975153703218,102.5338035673193,103.51956176757812,20480000
2021-02-12,103.07451629921232,104.05234166129615,102.76723583999629,103.830810546875,18990000
2021-02-16,103.66825520694219,106.3142945266649,103.66825520694219,104.60742950439453,31004000
2021-02-17,103.77875762024934,105.18925443822928,103.49973764021443,104.99993133544922,20294000
2021-02-18,104.3249103881879,105.16694629136347,103.74653534183895,104.36505126953125,22546000
2021-02-19,104.46320894592502,104.99796454492676,103.25591195162085,103.52254486083984,37938000
2021-02-22,101.77751932937039,103.10227454350802,101.49998153147995,101.81022644042969,29466000
2021-02-23,99.81441631035422,102.71420199290405,98.63685456772592,102.10063934326172,34658000
2021-02-24,100.60987256668675,103.49826214728957,100.48547967083988,103.27474212646484,22608000
2021-02-25,101.89299855167025,103.23460268506196,99.442725419644,99.91156768798828,41548000
2021-02-26,100.60539150753847,101.922213588514,99.17111121706476,100.20692443847656,40042000
2021-03-01,101.49997446974675,102.8990673672871,100.82694157551894,102.57345581054688,26060000
2021-03-02,102.33457386845907,103.81643661615159,101.92967118650496,102.31673431396484,25564000
2021-03-03,101.69574615075186,102.88717733019561,98.82370641561394,99.68656158447266,33892000
2021-03-04,99.85803141312911,102.81778652007944,99.39017985813133,100.80265808105469,49216000
2021-03-05,102.15169566185985,104.3843925386932,100.49785788710042,103.9319076538086,53100000
2021-03-08,103.28712454282332,104.75807471002265,99.37828111434924,99.49276733398438,36868000
2021-03-09,101.58670894507843,102.28897784929946,100.88542314472488,101.12133026123047,33920000
2021-03-10,102.16408434665642,102.16408434665642,100.07907232110979,100.91466522216797,27100000
2021-03-11,102.00649770427991,104.63568072084324,101.91877458051778,104.10389709472656,27702000
2021-03-12,102.9079951600995,102.96746538300351,100.72782616573727,101.5990982055664,33818000
2021-03-15,101.3502877785434,101.84638460397244,100.49834521721762,101.81912994384766,26168000
2021-03-16,102.3915867074923,104.75512763382687,102.0595319737632,103.27872467041016,31900000
2021-03-17,102.51447316939472,104.02755311828832,101.30767543125644,103.19593048095703,26382000
2021-03-18,101.50889575281752,102.52835937144968,100.07164322644284,100.17869567871094,31700000
2021-03-19,100.59450866025328,100.95679000162345,99.26628238475064,100.45722198486328,46072000
2021-03-22,100.49042709934655,101.51682534830367,99.8149137452383,100.64208221435547,33536000
2021-03-23,101.10100929699755,102.29839198447732,100.50876484586558,101.16940307617188,28510000
2021-03-24,101.68633534543278,102.47137415101128,100.55833692294446,100.73329162597656,25218000
2021-03-25,100.56080187614467,101.38300944915922,98.92728405832933,100.72980499267578,35616000
2021-03-26,100.69659679630594,101.07325412851259,99.31187234420693,100.3467025756836,27978000
2021-03-29,100.21933831690066,101.55995176525356,99.39117913290644,101.39044952392578,26492000
2021-03-30,101.74678812299072,102.22702679811378,100.91268499326586,101.42414855957031,27312000
2021-03-31,101.81715946283474,103.3961603316529,101.4504087988673,102.21958923339844,42570000
2021-04-01,103.69304467889103,105.84892366972174,103.65240467237805,105.55304718017578,39880000
2021-04-05,106.41391233481941,110.46994979811193,106.31776476559968,109.97285461425781,48510000
2021-04-06,109.5743742451769,110.42087204378797,109.12188934950352,109.49210357666016,35240000
2021-04-07,109.68241587965444,111.23861633474729,109.68241587965444,110.96752166748047,24134000
2021-04-08,112.20505028993573,112.59113031315094,111.1647751250388,111.53251647949219,28664000
2021-04-09,111.2852193593174,112.69917995793787,110.87980997763093,112.53562927246094,26146000
2021-04-12,111.7153914284989,111.85267053734381,110.4119469730089,111.24456787109375,25024000
2021-04-13,111.5602733226947,112.17878937240846,111.16675951077738,111.73075866699219,25682000
2021-04-14,112.37504587455774,112.37504587455774,110.81835377243557,111.11026000976562,21002000
2021-04-15,112.1034629731022,113.79099869324847,111.56919891951989,113.25821685791016,29174000
2021-04-16,113.45595676086148,113.70375943501823,112.54800739975896,113.13430786132812,26282000
2021-04-19,112.51133603226087,114.19192938868903,112.51133603226087,113.48172760009766,30290000
2021-04-20,113.86482638561692,113.9396632750493,111.8640739438885,112.9489517211914,22288000
2021-04-21,112.60401072672376,112.99801605945058,111.2544738339239,112.91624450683594,23204000
2021-04-22,112.77004307784593,113.43812268908319,111.03146160989212,111.63610076904297,24146000
2021-04-23,112.35373543564587,114.29254490612311,112.06876386145632,113.98576354980469,29066000
2021-04-26,114.21325394420712,115.2049638616611,113.85641745009418,114.48137664794922,32038000
2021-04-27,114.86298311307249,114.90362311481388,113.3033115017685,113.54219818115234,44386000
2021-04-28,118.57358292629367,120.50049681684617,116.6268481486784,116.91529083251953,81106000
2021-04-29,118.41151681600597,119.15145371385512,117.64927102297919,118.58646392822266,41234000
2021-04-30,117.3603411059262,118.04576113897953,116.29677394223161,116.6407241821289,44856000
2021-05-03,117.20618851216688,118.03087643512265,115.74861620759272,116.12428283691406,28242000
2021-05-04,114.66077361466583,115.22774474351102,111.84226774409919,114.32772827148438,44818000
2021-05-05,115.40816998009203,115.72386737061387,114.39961111973803,114.72126007080078,26636000
2021-05-06,114.30295402461856,115.84032440185547,113.6442970726025,115.84032440185547,25190000
2021-05-07,117.15565548855925,117.52041727105686,116.2769421311953,116.56290435791016,28898000
2021-05-10,115.38385676397111,115.52560521194692,113.22301722709163,113.58035278320312,30914000
2021-05-11,111.16776007410847,113.01190425651544,110.7142769135845,112.5053939819336,34186000
2021-05-12,110.33117538369368,111.41109992687674,108.71698679054806,109.04557037353516,46376000
2021-05-13,110.32769928437514,110.98784598165807,109.36622368361735,110.47241973876953,33204000
2021-05-14,111.93443928941902,113.23193206533327,111.5111904350983,112.91771697998047,31996000
2021-05-17,112.18373267154185,113.48271532640354,111.7842748978031,113.44009399414062,21598000
2021-05-18,114.10568866579412,114.36984865504598,112.11533453762239,112.12921142578125,22204000
2021-05-19,110.44217616604392,112.74970985023148,110.29399217357614,112.57674407958984,23684000
2021-05-20,113.54318048882286,114.58394711106348,113.17246716937612,114.33367156982422,32352000
2021-05-21,114.85208159408714,114.92543627002019,113.45893261370185,113.69831085205078,40632000
2021-05-24,114.72719042691061,117.23792438170847,114.58197841685045,117.01441192626953,31832000
2021-05-25,117.55758744041395,118.15231234760691,116.7150598583625,117.1051025390625,22440000
2021-05-26,117.2859828285616,118.39961254451028,117.28301083020246,117.96942901611328,21572000
2021-05-27,118.40260362591235,118.40260362591235,116.77751768614968,117.09569549560547,35224000
2021-05-28,117.67752023857234,117.75929178976516,116.60850070207313,116.8067398071289,21482000
2021-06-01,117.67852956724136,118.23707631258098,116.67938586720457,118.01256561279297,23354000
2021-06-02,118.40755407398083,118.63008342686042,116.5842214876714,117.48771667480469,21158000
2021-06-03,116.25564239868717,116.81517979607065,115.45226497101265,116.34732818603516,18696000
2021-06-04,117.42230750809345,118.89722822455532,117.08231988756026,118.62662506103516,24458000
2021-06-07,118.42193410416897,119.16881330030914,118.00364606009472,119.05928039550781,24120000
2021-06-08,119.54050705313709,119.9127026145582,118.68657547258344,118.86796569824219,24240000
2021-06-09,119.51175666671405,119.5836139934262,118.791640682833,119.33879089355469,17942000
2021-06-10,119.2882532089619,120.72947604269565,119.13263541543495,120.68635559082031,25904000
2021-06-11,120.92771539665284,121.01295807193074,119.88495971809364,120.44202423095703,21958000
2021-06-14,120.54409849108008,121.36977713540327,119.83736784595604,121.3692855834961,22098000
2021-06-15,121.37373985248222,121.69637939981682,119.99199500315504,120.35230255126953,21562000
2021-06-16,120.50345568028659,120.8146987783104,118.4199335658022,119.71098327636719,26472000
2021-06-17,119.63667298923379,121.44562975502306,119.44090673004301,120.67347717285156,25842000
2021-06-18,120.30026282219889,120.5341886020674,118.96014859064296,119.05530548095703,46116000
2021-06-21,119.44137934703816,120.92769616930957,118.84466559029332,120.7418441772461,27414000
2021-06-22,120.67990683669676,121.32419532611587,119.99993923776582,121.25530242919922,22390000
2021-06-23,121.02039027033481,122.01358237189528,120.76367158155908,121.05359649658203,19148000
2021-06-24,121.62156372261327,121.97393844062842,121.22508544730859,121.42332458496094,21362000
2021-06-25,120.92770999401274,121.55514959738011,120.49653574308054,121.4317398071289,34594000
2021-06-28,121.6002414137362,121.70581164707463,120.33843513053769,121.45899963378906,28526000
2021-06-29,121.59230411100384,121.93972542993173,120.62141348976014,121.19779968261719,23108000
2021-06-30,120.92225223112071,121.18244957571629,120.28787799190353,121.01641845703125,24474000
2021-07-01,120.65512761950698,121.5095508061829,120.4633316053769,121.3683090209961,18110000
2021-07-02,122.06761076053091,124.30179771164883,121.9779063046956,124.15658569335938,25982000
2021-07-06,124.54412715498938,125.31677868304527,123.48749474995711,125.08087158203125,26404000
2021-07-07,126.0443374513042,126.16525922771358,125.04420319403772,125.36238098144531,24060000
2021-07-08,122.93590362834043,124.49160506602671,122.93194096335237,123.94495391845703,23790000
2021-07-09,123.92612095804607,124.62938054281378,123.45677959980704,124.415283203125,18632000
2021-07-12,125.06899063825736,125.95265737591463,124.50697281548125,125.85948181152344,17668000
2021-07-13,125.92192889241436,126.93196989649446,125.56112974067463,126.2222671508789,19240000
2021-07-14,126.83333143656799,128.1898105196962,126.7902109907261,127.10987854003906,23742000
2021-07-15,127.51825743542209,127.56880409528097,125.41787885934153,125.88870239257812,24218000
2021-07-16,126.54094428345613,126.6881376328754,125.04471299684245,125.85403442382812,20424000
2021-07-19,124.98125995365034,125.09574617911319,122.41947279512615,123.48304748535156,27968000
2021-07-20,124.42419202434681,125.92637467785345,123.25754270830208,125.10020446777344,26312000
2021-07-21,125.02487717060785,126.474524368803,124.91584338583961,126.42794036865234,20746000
2021-07-22,126.72034672526937,127.35373032326339,126.37837781235324,127.29276275634766,14302000
2021-07-23,129.2840991163657,132.22651378843682,128.6596466811027,131.84588623046875,41506000
2021-07-26,132.1566459971667,133.05715404694908,131.13866459340358,132.85693359375,30572000
2021-07-27,133.0705270393317,133.21772036685556,128.9604724988499,130.7406768798828,54710000
2021-07-28,135.11391338631623,137.08146728842348,134.08850576613955,134.8978271484375,95130000
2021-07-29,134.95334530972397,135.45985560501686,134.35168567382115,134.58412170410156,31716000
2021-07-30,133.84813380324206,134.11526579950234,133.07499070592388,133.54234313964844,25576000
2021-08-02,133.92942502207725,134.14699347911008,132.61805515773415,133.6692352294922,21634000
2021-08-03,133.94725240636728,134.53900531485272,132.14771857757245,134.4379119873047,20762000
2021-08-04,134.1598811909161,134.45724743917305,133.30495889893086,133.93785095214844,19676000
2021-08-05,134.48794416292228,135.1515694510379,133.66077578297282,135.05392456054688,17870000
2021-08-06,134.84628556646607,135.27299799701225,134.02159758617466,134.54544067382812,20488000
2021-08-09,134.7476505132301,135.97823930808275,134.1499385485314,135.70960998535156,17760000
2021-08-10,136.13485470912244,136.56158228756237,135.16595290851137,135.6045684814453,19414000
2021-08-11,135.97578664479468,136.47237514518056,135.07378119338873,135.0812225341797,15352000
2021-08-12,134.7803631501877,136.0932302954075,134.23520937229634,135.9881591796875,16506000
2021-08-13,136.04367130953105,136.6448469030297,135.82858330220628,136.5169677734375,15948000
2021-08-16,136.31625185991177,137.14639993489493,134.10981879520125,137.09385681152344,22384000
2021-08-17,136.53924547980358,137.0502173931405,134.88590710262767,135.46031188964844,21716000
2021-08-18,135.30025647796398,135.89945070892185,134.13211736511343,134.2584991455078,19258000
2021-08-19,133.2539190566179,135.15406239448427,133.0700483663603,134.4874725341797,21782000
2021-08-20,134.80467835737872,136.34502089676778,134.06127020467258,136.22161865234375,31194000
2021-08-23,136.75685870008374,139.63632491734674,136.39804086783937,138.81065368652344,28454000
2021-08-24,139.37561670216243,140.83121539533298,139.10502114709683,140.01991271972656,19268000
2021-08-25,140.3801958031804,140.93973307629327,140.13339139116107,140.8302001953125,15848000
2021-08-26,140.50413099166133,141.16575996618351,140.11457982312106,140.19735717773438,20610000
2021-08-27,140.40746320935864,143.2423262781944,140.25332765406952,142.73829650878906,28780000
2021-08-30,143.13080955855443,144.6875166286591,142.89589312218945,143.31964111328125,24434000
2021-08-31,143.8712627569478,143.89553786032653,143.01287695186656,143.4257049560547,22448000
2021-09-01,143.72555741436526,144.96853350536102,143.61008051608152,143.9391632080078,21936000
2021-09-02,143.9396648071746,144.2404946102544,141.9265099500036,142.02761840820312,32342000
2021-09-03,141.82293077721366,142.88798016222196,141.14889962263817,142.47613525390625,19850000
2021-09-07,142.57029576143597,143.29437443751178,142.35668998079893,143.0123748779297,20124000
2021-09-08,142.83348703566523,143.13083818572056,141.74314906987232,142.42807006835938,18344000
2021-09-09,142.57624028484273,143.04211051634226,141.9190731671668,142.2793731689453,15314000
2021-09-10,142.9449634747417,143.4465279342337,139.5010145668301,139.63780212402344,36840000
2021-09-13,140.7018679540071,141.6935778474216,140.00852254788668,141.08151245117188,22094000
2021-09-14,141.73866598781828,142.10294377890315,140.50411441226078,141.2916259765625,19674000
2021-09-15,141.51663270038054,143.18087624925593,140.10515271027106,143.16006469726562,27408000
2021-09-16,142.68527016924585,143.03170083482422,141.14988885441545,142.34776306152344,26190000
2021-09-17,141.7733642211635,142.18917178562248,139.23536813670114,139.56246948242188,53384000
2021-09-20,136.94716512358414,137.77829631791283,135.12384006043985,137.50025939941406,46518000
2021-09-21,138.5211988911411,138.78090469038185,137.06263570579478,137.81100463867188,25332000
2021-09-22,138.07962340432297,139.64870264345097,137.33373489370697,139.05050659179688,25056000
2021-09-23,139.7483157407974,140.45108373468472,139.1674677468827,139.9748077392578,20952000
2021-09-24,139.30327875954345,141.07953591694633,139.00839293774456,140.9650421142578,22984000
2021-09-27,139.56692635866548,140.69096191409616,138.83640458295432,139.8320770263672,21882000
2021-09-28,137.43633701546565,137.8739544208415,134.1702991315136,134.63616943359375,45772000
2021-09-29,135.7760328990303,135.94553512593572,132.68842135183831,133.17262268066406,30848000
2021-09-30,133.08143210735338,134.35116361737062,132.3821276786133,132.50106811523438,37996000
2021-10-01,133.2657785087536,135.7071427418452,132.89457365686306,135.34286499023438,35360000
2021-10-04,134.7654811569935,134.7654811569935,129.89814958771572,132.48471069335938,51202000
2021-10-05,132.86287924921712,136.01840082000018,132.86287924921712,134.82745361328125,32404000
2021-10-06,133.5656355859823,136.53926754708024,133.3673964801773,136.35589599609375,24364000
2021-10-07,137.67121613500888,138.81111735985237,137.4323370507256,138.0012969970703,25110000
2021-10-08,138.35022132641475,139.0975920679396,137.9938839590629,138.55690002441406,26526000
2021-10-11,138.0677224984153,139.47523981927662,137.6385144893524,137.6930389404297,17954000
2021-10-12,138.25406031342655,138.28083098740217,134.5667554031385,135.2497100830078,36332000
2021-10-13,136.19481503512776,136.78706701680704,135.31908129001275,136.37274169921875,19654000
2021-10-14,138.2480926655134,140.0952083551367,137.6047949923992,139.9103546142578,31894000
2021-10-15,140.3698121513104,140.47240282360914,139.51786944318084,140.12547302246094,30274000
2021-10-18,139.8365491009501,141.54093366501112,139.82960687486855,141.52308654785156,20396000
2021-10-19,142.12723254261542,142.39982458163402,141.3466631289933,141.97805786132812,20164000
2021-10-20,142.0781590742051,142.28433864697428,140.1338971977449,140.52294921875,23288000
2021-10-21,140.52297050595178,140.90657770198413,139.2651266996973,140.63894653320312,26292000
2021-10-22,137.926969706927,139.34737337961698,134.86016945665278,136.35739135742188,50588000
2021-10-25,136.34105947014086,136.78710134088212,134.23373812293738,136.2389678955078,34412000
2021-10-26,138.03948851571823,138.85177438830706,137.08891772648917,138.08409118652344,49236000
2021-10-27,138.17973449966777,147.34347311686153,138.17973449966777,144.93235778808594,85782000
2021-10-28,145.84130142868378,145.86459342888665,143.3558332615814,144.5670928955078,36206000
2021-10-29,143.80286589775253,146.93905794038585,143.37813478343114,146.74478149414062,43320000
2021-11-01,146.74477665621114,146.74477665621114,141.96663496333343,142.23574829101562,46924000
2021-11-02,143.30873631409102,145.32039357899643,143.06687765221287,144.15423583984375,33482000
2021-11-03,144.61814533980774,145.37989965427468,143.32016075699752,145.3095245361328,27494000
2021-11-04,145.83138101023934,148.41745854274853,145.02205961897133,146.96434020996094,38412000
2021-11-05,147.85840028668068,149.00622700469464,146.89445936853247,147.543701171875,38354000
2021-11-08,148.50815818871942,149.29122320690345,147.12591397324758,147.7211456298828,23052000
2021-11-09,147.92138441092672,148.51759924535318,145.95085052157899,147.60964965820312,19530000
2021-11-10,146.20360791802267,146.76860539151744,143.26715167326918,144.61122131347656,29970000
2021-11-11,145.20195824365715,146.2387698135398,144.32076445094071,144.4853057861328,16518000
2021-11-12,145.32685883285086,147.5417315550425,144.1329471350042,147.37123107910156,22360000
2021-11-15,147.59177639922783,148.2350742445268,146.2779260424359,147.147216796875,23508000
2021-11-16,146.84737335766715,147.45497691847146,146.01772444610071,146.57627868652344,18904000
2021-11-17,146.72642872326313,147.2537504824228,145.9458594225756,146.74575805664062,19594000
2021-11-18,146.9385664922546,149.25701287000476,146.58470958501508,148.5215301513672,35608000
2021-11-19,148.65729911523493,149.6396012782101,147.59026853190187,147.61752319335938,33682000
2021-11-22,148.0199952541973,148.51262110699628,144.86299118596366,145.01612854003906,30594000
2021-11-23,144.86841272271184,145.3709602825968,142.84833094604366,144.50067138671875,27218000
2021-11-24,144.19489123717437,144.96407174008007,143.1040693827115,144.83570861816406,18040000
2021-11-26,143.0797828608647,143.28694554808493,140.59581194677827,140.93331909179688,30470000
2021-11-29,142.73433830106399,145.0116454494308,142.6287680714975,144.2513885498047,32596000
2021-11-30,143.7339630400776,144.7167492078786,140.35691078730716,140.6503143310547,42068000
2021-12-01,142.7343230183717,144.6676797318566,139.67346729903392,139.81173706054688,34020000
2021-12-02,140.0085210717419,142.60004356233455,138.98211518195825,141.70944213867188,29194000
2021-12-03,142.4181454494306,143.13082014038355,139.06784841754663,140.75340270996094,41230000
2021-12-06,141.7832787246902,142.5881383480877,138.91818113605103,141.8967742919922,30618000
2021-12-07,144.31682829453172,146.23433489507894,143.9510682210104,145.97512817382812,32240000
2021-12-08,146.2992377347049,147.0887458286458,145.11921050310966,146.88404846191406,24270000
2021-12-09,146.29379822913546,147.78953800523445,145.8219839399429,146.34088134765625,23270000
2021-12-10,147.39303059375538,147.66808793780228,145.41457182465953,146.70066833496094,24458000
2021-12-13,146.48261894599256,146.6694692071858,144.23852522703294,144.54481506347656,27070000
2021-12-14,142.70263459263393,143.2101279735769,139.9738254109234,142.6421661376953,38446000
2021-12-15,142.14852130912658,145.43140739427682,140.432732932182,145.15386962890625,36370000
2021-12-16,145.87696937173112,146.37901781040114,142.3447831853687,143.17543029785156,33650000
2021-12-17,141.2475218263389,142.5702956240414,140.05807203589413,140.47933959960938,50416000
2021-12-20,138.7695105661895,140.52841967849685,138.09647759296158,140.3623809814453,27192000
2021-12-21,140.8049373737219,142.6044862116724,139.26757475967167,142.2114715576172,28756000
2021-12-22,141.81003144963466,145.2123570924687,141.81003144963466,145.1280975341797,26322000
2021-12-23,145.21238570176314,146.94056153124288,145.1648034683037,145.62522888183594,26384000
2021-12-27,145.96172629853862,147.0401610488901,145.87598451208166,146.60650634765625,15976000
2021-12-28,146.93311713711037,146.99556692664365,144.77080262744354,145.39773559570312,18200000
2021-12-29,145.35559153853998,146.12130842393856,144.36736044495242,145.36599731445312,17788000
2021-12-30,145.40465905246458,146.0053355046696,144.71131371891346,144.91549682617188,15688000
2021-12-31,144.76632590571236,145.40912459334086,143.578857421875,143.578857421875,18136000
2022-01-03,143.78006634339744,144.56907529374837,142.44986625187568,143.71713256835938,28646000
2022-01-04,144.11810336730343,145.1975365684065,142.4533753460924,143.13037109375,28400000
2022-01-05,143.15065613098375,143.22945569243274,136.47783061916755,136.56405639648438,54618000
2022-01-06,135.79439434447366,138.71003866950787,135.3582591822802,136.53680419921875,37348000
2022-01-07,136.93128920152486,137.23163499485634,134.57320114440378,135.81271362304688,29760000
2022-01-10,133.8907884037773,137.59940482063482,131.99410840996327,137.45071411132812,44408000
2022-01-11,136.79400536234317,138.98358922014876,135.49106011440765,138.50779724121094,28730000
2022-01-12,139.90937157216942,141.35456438559447,139.45788494003665,140.18740844726562,26108000
2022-01-13,140.29594448293275,141.59444309970127,137.19246729901857,137.36891174316406,31436000
2022-01-14,135.87418041718718,139.50499514618633,135.79439774836212,138.25457763671875,29662000
2022-01-18,134.9781195690153,135.92620981691346,134.24809688423744,134.80267333984375,34872000
2022-01-19,135.3235557494751,136.74693894623502,133.82881433443535,133.92892456054688,28648000
2022-01-20,135.05246087078947,136.41637384209355,131.79583090485298,132.1358184814453,29908000
2022-01-21,131.42809390052594,133.68011249754008,128.94312507327743,129.20579528808594,55652000
2022-01-24,124.87074048240562,130.04982252537027,123.40573418952586,129.65432739257812,76622000
2022-01-25,127.60847923176541,128.26168373746512,125.38866078931534,125.8193359375,46960000
2022-01-26,129.96654697196033,131.8310108586025,126.0244974232128,128.0971221923828,49130000
2022-01-27,130.14995219911842,131.48659557299035,127.79928994708102,127.87116241455078,31950000
2022-01-28,128.51940331451533,132.18441508658373,127.35572577765842,132.178955078125,34362000
2022-01-31,132.9828112703711,134.28229308420728,131.04747300112987,134.11427307128906,39986000
2022-02-01,136.38515490873857,136.58191182952572,133.18751085954932,136.43421936035156,68644000
2022-02-02,149.92062310914736,150.21451067811546,144.24347030048295,146.69918823242188,123200000
2022-02-03,144.42487252128518,148.35948154682154,141.41158317819725,141.8323516845703,71518000
2022-02-04,142.18375752491298,143.6016809846819,139.280000800104,142.03358459472656,57998000
2022-02-07,142.98215841687698,142.98215841687698,137.6791745678362,137.9775390625,54974000
2022-02-08,137.80455878303823,138.76949792204235,135.80975027534387,138.1737823486328,54284000
2022-02-09,139.72453341095786,141.27181794404441,138.95485380934457,140.34750366210938,40144000
2022-02-10,138.4756300439531,140.24096723376755,136.74447462445005,137.40164184570312,39330000
2022-02-11,137.38180608982287,137.9334029746626,132.22749846188867,133.1022491455078,39958000
2022-02-14,132.08527017678978,135.10202275464846,132.08527017678978,134.33482360839844,34302000
2022-02-15,136.36134149082847,136.8946223837062,134.6277210675767,135.40780639648438,26680000
2022-02-16,135.44546098409901,136.87230757588372,133.73809706927898,136.52737426757812,25022000
2022-02-17,135.04547687197746,135.9083242075965,131.31406937718216,131.37403869628906,38950000
2022-02-18,132.29390062238596,132.89161259379068,129.05215373124426,129.2568359375,45620000
2022-02-22,128.69683675347085,131.0187470489663,127.09652483860887,128.6725616455078,44990000
2022-02-23,130.49140310139634,130.89036178652327,126.40662154377361,126.46659088134766,32786000
2022-02-24,123.85523180480044,131.83100899869677,123.85523180480044,131.52471923828125,54456000
2022-02-25,132.37813949434744,134.08252355824973,130.59345855146623,133.2776641845703,36406000
2022-02-28,131.88060076108007,134.55834913060832,131.42711758243306,133.86996459960938,38864000
2022-03-01,133.69301448970344,135.0579106140199,132.04761612674722,132.88319396972656,26496000
2022-03-02,133.44473958983755,134.07365391727686,131.90191664243002,133.38873291015625,23520000
2022-03-03,134.8145494526599,135.2402787650286,131.8562842947509,132.7226104736328,24604000
2022-03-04,131.75916874799498,132.6750434625872,129.19192148220066,130.74713134765625,30430000
2022-03-07,130.3323188037654,130.57714191731998,125.18495329978524,125.2677230834961,45112000
2022-03-08,125.1403534553541,130.09640705754634,124.56991120175218,125.98734283447266,40428000
2022-03-09,130.0964193195806,132.56007791135033,128.75877778532615,132.24734497070312,37026000
2022-03-10,130.11227705245972,132.10064255507427,129.76188368845354,131.2655487060547,27102000
2022-03-11,132.31521548383986,132.6195239239846,128.49212139674947,128.72901916503906,31526000
2022-03-14,129.10519737260148,129.26279649048794,124.17392551133625,124.84397888183594,38812000
2022-03-15,125.85995365691173,128.713162774351,124.61548797628525,128.0624237060547,30920000
2022-03-16,129.58395977320907,132.16109871004574,127.60302044405091,132.10906982421875,35576000
2022-03-17,131.97872086094247,132.90203693206857,131.02318923079633,132.66265869140625,28264000
2022-03-18,132.2517827162383,135.0465048489617,131.0960307543159,134.92904663085938,44566000
2022-03-21,134.96669446454987,135.84540769117993,132.91389828078516,134.90524291992188,26832000
2022-03-22,134.905281506743,139.81028984562343,134.905281506743,138.638671875,35496000
2022-03-23,137.48342965556287,138.36164408850559,136.62356145713596,137.0601806640625,25154000
2022-03-24,137.97652160094876,140.37426649245424,136.53976827528788,140.3276824951172,26396000
2022-03-25,140.6686711405159,140.78662849171081,138.50932109177913,140.4278106689453,24126000
2022-03-28,139.66207420173586,140.75439330324906,138.5826413227132,140.2122039794922,35050000
2022-03-29,141.39374081978931,142.52966445696305,140.79008476675781,141.2529754638672,34318000
2022-03-30,141.20787975036384,141.46608819585558,140.3554379628545,140.6909637451172,19884000
2022-03-31,140.80446372092825,140.85898818058075,137.80259350469294,137.84521484375,37524000
2022-04-01,138.27389064424523,139.23634932313234,137.0918670617453,138.91867065429688,25942000
2022-04-04,139.12486433293225,142.4488900673313,139.07728210128434,141.7148895263672,25942000
2022-04-05,141.6132941655978,141.73371683584432,139.14865258935774,139.35531616210938,21418000
2022-04-06,137.53049665262756,138.13563495181108,134.32591048530927,135.3478546142578,32468000
2022-04-07,134.8145296891785,135.95889257500735,133.0476958281022,134.69410705566406,26234000
2022-04-08,134.39182259689332,134.4775643861143,131.79683653197742,132.1160125732422,25142000
2022-04-11,130.66487062485646,130.9315035311139,127.53760194851499,127.69123840332031,36884000
2022-04-12,130.4433348003117,130.4433348003117,125.67461550166297,126.59197998046875,32710000
2022-04-13,126.87496906105243,129.18845446203287,126.61824282890016,128.7523193359375,27928000
2022-04-14,129.3326989063027,129.3326989063027,125.48827832283405,125.61614990234375,31598000
2022-04-18,125.88376118192888,127.0855981275949,125.07295002814799,126.55431365966797,20808000
2022-04-19,126.56918205499946,129.18745998099084,125.88326290264443,128.86631774902344,26490000
2022-04-20,129.7415575029072,130.24410511069215,126.3793722886123,126.91461944580078,31696000
2022-04-21,128.11398446155997,128.95502227336507,123.43199758034922,123.71746826171875,36446000
2022-04-22,123.90133604882998,124.2998031690539,117.8797341417918,118.583984375,56884000
2022-04-25,118.05418408752932,122.19397402288331,117.46937340165847,121.99226379394531,46128000
2022-04-26,121.21963094813664,121.43323675370941,117.46938423541988,117.60716247558594,73054000
2022-04-27,113.46338958402451,116.2115203098223,111.74562732959535,113.28993225097656,91820000
2022-04-28,115.39179161420873,118.59785963790864,113.11200403723606,117.48076629638672,48884000
2022-04-29,115.70848796251151,116.88356939125211,112.81415439821426,113.10655975341797,42676000
2022-05-02,112.40825746611199,115.71939696071765,111.61033248451041,115.5583267211914,35534000
2022-05-03,115.407141694859,117.40096689316363,115.01462617025534,116.30270385742188,24968000
2022-05-04,116.00286568913818,121.77468310687208,114.10419735860037,121.1864013671875,49916000
2022-05-05,119.14750092797412,119.97516100768799,113.99469020299561,115.48150634765625,45840000
2022-05-06,114.17210723502704,116.53812813658617,113.01338323041298,114.72916412353516,39710000
2022-05-09,112.25461312851758,114.06555854767906,111.0160988528587,111.52210998535156,40802000
2022-05-10,114.49227422836657,115.22824850518352,111.90818559117898,113.3895492553711,39900000
2022-05-11,112.24122348597561,115.34172863167639,112.24122348597561,112.60400390625,37534000
2022-05-12,110.3985706744424,113.29042361789074,108.85921908657511,111.85218048095703,53836000
2022-05-13,113.52633065893913,116.83895961506994,112.60649331317624,115.0304946899414,35038000
2022-05-16,113.94510560866848,115.14893128175876,112.88848081709932,113.43909454345703,25990000
2022-05-17,115.81354235490828,115.87252101925971,113.86036470486414,115.44927215576172,23054000
2022-05-18,113.98922818748704,114.38571397191099,110.57499924968252,110.91597747802734,35126000
2022-05-19,110.4521046016662,112.01672963021842,109.03318313781098,109.41381072998047,34144000
2022-05-20,110.96702866649967,111.19749090818948,104.86662695851531,107.95077514648438,48962000
2022-05-23,108.62431643799094,111.16181369829215,107.78525231071643,110.50811004638672,37184000
2022-05-24,104.84235455827432,105.52282133432277,100.98901793756491,105.03861236572266,76780000
2022-05-25,104.0627373069411,105.56392921352518,102.94366271417042,104.87503814697266,40258000
2022-05-26,104.74817746889774,107.69454740943145,104.3001467738534,106.84508514404297,37948000
2022-05-27,108.52072351941294,111.33080496604357,108.17924616749293,111.32931518554688,37914000
2022-05-31,111.755545645054,114.71778157634024,111.09341756221775,112.76212310791016,50012000
2022-06-01,113.84550925646737,116.07226223773644,112.25461274183665,112.8909683227539,36606000
2022-06-02,112.9980255582533,116.86324988341372,111.95378769453289,116.58868408203125,37992000
2022-06-03,115.04239030742981,115.2991165371884,112.52075159132542,113.53426361083984,26136000
2022-06-06,115.6787387271287,118.29801461946222,115.14299253008267,115.7937240600586,33542000
2022-06-07,114.46551304706918,116.65658702589174,114.0407818998257,116.11984252929688,31590000
2022-06-08,115.73523910380932,117.52834484529313,115.57515955281724,116.1639404296875,26108000
2022-06-09,115.3050549411603,117.25923088930595,113.76719320854649,113.826171875,25798000
2022-06-10,111.45668305650874,112.28335238911357,109.39595372206405,110.18446350097656,41452000
2022-06-13,105.84791642014875,107.83529107558937,105.18628753798215,105.45738220214844,47252000
2022-06-14,105.5986399557648,106.97592316690826,104.87009945591228,105.77754974365234,33706000
2022-06-15,107.59095701448112,110.44415871481102,106.72315615329451,108.79974365234375,39698000
2022-06-16,106.27860230897124,107.69355345483342,104.21391025532901,105.1015396118164,51684000
2022-06-17,105.10153777233351,107.74410579485648,104.12271420584322,106.2017822265625,51376000
2022-06-21,107.97209882382842,111.5008145838909,107.64549654348806,110.5636215209961,47416000
2022-06-22,109.5848047132903,112.35027630743032,109.41233045736983,110.50762176513672,30774000
2022-06-23,111.2450568706106,111.75156708607098,109.52927601369151,111.25546264648438,28362000
2022-06-24,112.00185482451673,117.0411696178319,111.95972504269348,116.93807983398438,41164000
2022-06-27,117.23347197127057,117.53727377160598,114.16715569950595,114.81541442871094,36420000
2022-06-28,114.78467596630205,116.27843425509606,110.86493491306922,111.02303314208984,35792000
2022-06-29,110.57154255312791,112.1659026711125,109.89801049848562,110.7197265625,24716000
2022-06-30,109.03318289219757,109.91337852535331,105.81174794310992,108.00529479980469,43170000
2022-07-01,106.9843354918693,108.28976122127001,105.79240531545052,107.78176879882812,35476000
2022-07-05,106.15916719622534,112.38049828174634,104.80219643466671,112.26750183105469,39342000
2022-07-06,112.30615296257244,114.57354585155757,110.49619829116553,113.56498718261719,37432000
2022-07-07,114.06852703009027,118.14190442135235,113.82419547258564,117.73897552490234,40936000
2022-07-08,116.21944668919558,118.63304215997859,115.87400669825091,118.30445861816406,38238000
2022-07-11,116.96088070050413,116.96088070050413,114.31682284364507,114.65978240966797,31196000
2022-07-12,115.19355693473877,115.94588857717979,112.69075577017246,113.01834869384766,29960000
2022-07-13,110.7192358326287,113.19230954197413,110.22412953876479,110.37479400634766,43722000
2022-07-14,109.24183551851672,110.11657870733588,107.4204842436842,109.39745330810547,37004000
2022-07-15,111.01609105740265,112.14607058469424,109.9252617490399,110.7950439453125,46770000
2022-07-18,111.6499722698316,112.68083230186653,107.41750592240679,108.07170104980469,43164600
2022-07-19,109.87569462538704,113.01783044467969,108.59703203078138,112.80967712402344,36530900
2022-07-20,112.17532331814631,114.38572670784276,111.49139301526064,112.89891052246094,35600400
2022-07-21,113.27555937905743,113.54319050720274,110.13342322528176,113.33502960205078,32676200
2022-07-22,110.02439680939997,111.35261562744701,105.56394829009997,106.95164489746094,48901200
2022-07-25,107.45714691741362,108.9043135147735,105.3656919047465,106.56505584716797,34690900
2022-07-26,105.66305372814293,106.25777860539752,103.15529199478907,104.09693908691406,47991000
2022-07-27,108.29967314788821,112.90880398757064,107.06065988788416,112.06626892089844,59858500
2022-07-28,111.3823490591432,113.33502778538879,110.48034369240179,113.2160873413086,32816600
2022-07-29,112.08610970412361,115.68420188473884,112.06628125487264,115.2976303100586,37223400
2022-08-01,114.28659134517281,115.69410865783321,113.33502246319186,113.85045623779297,26034300
2022-08-02,112.99802992898957,115.32737377032129,112.72049211808546,114.11809539794922,20236000
2022-08-03,114.69299545382555,117.57742237828928,114.46502121528304,117.04216766357422,28499000
2022-08-04,116.44744062554241,117.73601004530308,115.86262235872188,117.15119934082031,21602900
2022-08-05,115.20842372972953,117.07189713527843,114.98044193983411,116.4375228881836,19159500
2022-08-08,117.34944383201373,119.0939769251346,115.85271343429999,116.26902770996094,19138300
2022-08-09,116.11042376218631,116.28884199524232,114.69299212244628,115.60490417480469,19086500
2022-08-10,117.73600666493809,119.85719697468683,117.36926354294056,118.64791870117188,30930400
2022-08-11,120.21402762148577,120.4221809525822,117.517933416611,117.79547119140625,24293700
2022-08-12,119.20300201694565,120.61051940917969,118.41003042457679,120.61051940917969,19096300
2022-08-15,120.06534908400887,121.22507134763688,119.54992284865891,121.00700378417969,19494800
2022-08-16,120.45192234559127,121.35392772306473,119.57965964182924,120.63034057617188,19041200
2022-08-17,119.06423449827227,120.2239492265823,118.33073312003822,118.4992446899414,22847000
2022-08-18,118.38029100928513,119.75807324012199,117.67653233875487,119.11378479003906,17987700
2022-08-19,118.0135401713866,118.10275306426914,115.73376016351709,116.17980194091797,21809500
2022-08-22,114.18746987498629,114.61369077944998,112.84933693940785,113.23590850830078,21456600
2022-08-23,112.48260318331054,113.999154474037,112.43303961913671,112.85926055908203,15870400
2022-08-24,112.50241004709838,113.77115848347056,111.87795005297879,112.69074249267578,17734600
2022-08-25,113.23591895778435,115.69412505365322,113.10706427704174,115.62474060058594,16956800
2022-08-26,113.71169359144874,114.10817938697578,109.2215102957735,109.37018585205078,37245700
2022-08-29,109.02327231665438,109.97483376444924,107.84373662281749,108.45828247070312,21191200
2022-08-30,109.20167540311007,109.52877673229412,106.85251100449418,107.98249053955078,27513300
2022-08-31,109.67746398729584,109.87570309968547,107.1796088220971,107.2688217163086,28627000
2022-09-01,107.32830011371269,109.47922565257869,106.41638802751207,108.77546691894531,28360900
2022-09-02,109.61798420619859,109.76666731895013,106.31725842726799,106.90206909179688,24160700
2022-09-06,106.3569145236708,107.08049412281643,104.8502699767572,105.8712158203125,25068300
2022-09-07,106.11901365650074,109.01335460790509,105.96042387910643,108.48800659179688,23167000
2022-09-08,107.09039832376389,108.63668450034882,106.21813568405852,107.42740631103516,24238300
2022-09-09,108.11134507795128,110.01446770720469,108.06178152061504,109.67745971679688,23197700
2022-09-12,110.01447478728238,110.6389423756241,108.96379385270278,109.8856201171875,22966800
2022-09-13,106.85252347865307,107.34812886109147,103.17512488610275,103.40310668945312,38172900
2022-09-14,103.65090463743046,104.35466334080722,102.74890681508529,104.0771255493164,26395100
2022-09-15,103.11565198138281,104.34475118044541,101.45041763715635,102.00550079345703,34188300
2022-09-16,101.17287435902635,102.22355526563086,100.05280900693545,101.8964614868164,42797200
2022-09-19,100.85569511319773,102.4218099333564,100.65745598557626,102.16409301757812,23036800
2022-09-20,101.18278566442122,101.4702376623831,99.63649189737326,100.25104522705078,26517100
2022-09-21,100.7763951258115,101.97575922569139,98.39748781362077,98.40740203857422,31487300
2022-09-22,97.95144405755235,100.35017220971649,97.92170894561988,99.25984191894531,34298600
2022-09-23,98.75432356236846,98.7840662370101,96.6133122907774,97.87214660644531,31625400
2022-09-26,97.23778259641323,99.00213669442894,96.9404238796608,97.30716705322266,27072700
2022-09-27,98.55608047686624,99.12107027493991,96.0185834977758,96.6430435180664,30072800
2022-09-28,96.7917391605889,99.81492765776615,96.25648440436291,99.17064666748047,32466300
2022-09-29,97.77302956785141,97.77302956785141,95.11658440664736,96.56375122070312,31047200
2022-09-30,96.19700749257774,98.03074589010642,94.72009801207578,94.80931091308594,32941500
2022-10-03,95.90955206825485,98.41731399775504,95.67165604887613,97.77302551269531,27982000
2022-10-04,99.55720093087983,100.94488980250854,99.49772314899776,100.74665069580078,28850800
2022-10-05,98.95257739339199,101.03411859067795,97.93163146477268,100.53851318359375,22176900
2022-10-06,99.79508596731075,102.02530987221579,99.70587307869936,100.52857971191406,22324000
2022-10-07,98.97237477950624,99.64639827557549,97.43600291978692,97.81266021728516,27502800
2022-10-10,98.12985750199623,98.22897705771258,96.15735036259238,96.9998779296875,18225100
2022-10-11,96.57366175239092,98.37766497898305,95.4635030120505,96.32585906982422,26507100
2022-10-12,96.44480530818547,97.88205781573463,95.88972216704339,96.7025146484375,21876400
2022-10-13,94.31369376135358,98.90299629495368,93.55045733483536,98.18932342529297,34574500
2022-10-14,99.11115674778205,99.80500878199092,95.52297881847961,95.7113037109375,25410700
2022-10-17,97.99109458245891,100.04290051639435,97.96135947016587,99.09133911132812,28419200
2022-10-18,102.22356592791553,102.56058152852803,99.09134376768007,99.88430786132812,24060700
2022-10-19,99.1309831390766,100.13210049023245,98.0505595554906,98.75431823730469,23811100
2022-10-20,99.12107422362116,101.42068284311566,98.51643506587006,99.09133911132812,25323200
2022-10-21,96.98995739909645,100.41954522778374,96.86110274127708,100.24112701416016,32458700
2022-10-24,100.90525400873032,101.84690116488177,99.10125080640549,101.6189193725586,27176400
2022-10-25,101.99557665364006,103.89869927280016,101.81715843544772,103.56169128417969,40611400
2022-10-26,95.58244279853433,97.44591608866746,93.85773839371232,94.09562683105469,88114100
2022-10-27,93.68923447770169,94.59123986812598,90.993147655817,91.40945434570312,60710900
2022-10-28,91.45900853564996,95.70139671064247,91.32023964176592,95.44367980957031,43697300
2022-10-31,94.58132675716521,95.18596591202643,93.15398843755676,93.67932891845703,31675000
2022-11-01,94.61105231503412,95.18595629968785,89.57570802441086,89.6748275756836,47161400
2022-11-02,90.14069668694522,90.37858511956873,86.1163764057392,86.2055892944336,57038300
2022-11-03,85.56131487965403,85.75955401223071,82.60750340529754,82.69671630859375,61288000
2022-11-04,84.64940174408115,85.87850098830332,82.97425311346052,85.81903076171875,51124900
2022-11-07,86.51286290825593,88.11862685745632,86.08664203322763,87.71222686767578,34078900
2022-11-08,88.11864471435547,89.52616228462122,86.82015337855162,88.11864471435547,30429000
2022-11-09,87.67257842772042,88.65388241006076,86.51286378932228,86.5525131225586,31769100
2022-11-10,91.4392006142499,93.56039122134405,90.80482627730615,93.11434936523438,51620100
2022-11-11,93.8577385481565,96.07804827912527,93.09450211535228,95.5626220703125,33090500
2022-11-14,94.25422468031444,95.93928745861939,93.67932820432442,94.8588638305664,30179500
2022-11-15,97.39635748199429,99.25983072215564,95.85997799853077,97.57477569580078,41640800
2022-11-16,97.03953112343324,98.76423566096419,96.78181421845211,97.9811782836914,29105200
2022-11-17,96.11770115386271,98.40739541196346,95.93928292840438,97.4954833984375,26052600
2022-11-18,97.90187281922236,98.0307350439421,95.52297330311087,96.57365417480469,28342300
2022-11-21,96.43490679179493,97.53515146638415,94.52186950341664,94.75975799560547,21647400
2022-11-22,95.10665326586057,96.3654949524555,93.22335919115972,96.19699096679688,23438500
2022-11-23,96.23664311244816,97.89197072674976,96.23664311244816,97.5946044921875,18868100
2022-11-25,97.37653668783366,97.77302247882432,96.543923332857,96.6033935546875,9701400
2022-11-28,96.18709181030358,96.72234652124172,94.7696601393946,95.20579528808594,26237500
2022-11-29,94.88859478446217,95.27516631640454,93.282830877853,94.35334014892578,20061700
2022-11-30,93.98660272217356,100.15193477810236,93.59011691093076,100.10237121582031,43647500
2022-12-01,100.1321063282544,101.35129887441687,99.36887738054075,100.10237121582031,28687100
2022-12-02,98.1794154073719,99.88429132959538,98.03073230119058,99.55719757080078,21480700
2022-12-05,98.52634555474117,100.48893851504042,98.1298597604134,98.60564422607422,24405100
2022-12-06,98.42721758878601,98.90299445146697,95.57252616335273,96.12760925292969,24910700
2022-12-07,95.56263371133674,96.02849641963317,93.88748509454602,94.10555267333984,31045400
2022-12-08,94.54168033617455,94.73992702719157,92.62864325130393,92.88636016845703,32213300
2022-12-09,92.94581670466732,93.43151535436729,91.93478519757772,92.01408386230469,28225400
2022-12-12,91.89513567511982,92.73766318967445,90.80480550555872,92.48986053466797,29420000
2022-12-13,96.90076587228482,98.6552055874712,94.19475717404306,94.78948211669922,40593700
2022-12-14,94.3632525525602,96.018580115214,92.77731699649831,94.2343978881836,28733600
2022-12-15,92.31145406282408,92.81697366079501,89.21888137485573,90.06140899658203,40107000
2022-12-16,89.96228779812273,90.52727761063562,88.73318105041864,89.46668243408203,58011800
2022-12-19,89.46669263733712,89.76405135227128,87.43470738809681,87.66268920898438,29493000
2022-12-20,87.33557392675367,88.39616905558795,86.67146458378042,88.2375717163086,23453800
2022-12-21,88.29705818373395,89.42703786905226,87.54373587274237,88.79266357421875,24745600
2022-12-22,87.38514855581442,87.76180594081181,85.56131673474557,86.98866271972656,27658300
2022-12-23,86.34434786084604,88.76290391762397,86.30469853308982,88.44571685791016,23003000
2022-12-27,88.01951318270693,88.15828207571641,86.24524512227134,86.62190246582031,20097300
2022-12-28,86.2155000917647,87.26618089290454,85.18464017491536,85.26393127441406,19523200
2022-12-29,85.85867467640674,88.06907033133078,85.84876045182291,87.6725845336914,23333500
2022-12-30,86.21550783549851,87.52390562395297,85.80910782884277,87.45452117919922,23986300
2023-01-03,88.80257078642089,90.24974519044535,87.74197554671677,88.33670806884766,28131200
2023-01-04,89.55588448127065,89.85325071371112,86.50295373591993,87.30583953857422,34854800
2023-01-05,86.70120175720164,86.80032131544093,85.14500124959856,85.4423599243164,27194400
2023-01-06,86.02718055238785,86.91927172588105,84.11414353236154,86.57234191894531,41381500
2023-01-09,87.58338400149272,89.2585326181373,87.08777861785474,87.24636840820312,29003900
2023-01-10,85.2242962744404,87.89064781997227,85.07561316227476,87.6428451538086,30467800
2023-01-11,88.39617710871649,90.79490536631714,88.22767309213403,90.71560668945312,26862000
2023-01-12,90.67595505151839,91.06252660626463,88.96115727194007,90.32902526855469,30258100
2023-01-13,90.05149141638756,91.37971769910212,89.33781849580512,91.31033325195312,26329200
2023-01-17,91.25086941616998,91.43920189965152,89.25854103104518,90.48764038085938,32602400
2023-01-18,91.3301539078307,91.98435660415667,89.84333784782173,90.31912231445312,29116700
2023-01-19,89.92263219572776,92.78723039529136,89.83341930400117,92.2321548461914,37000400
2023-01-20,94.26413670489272,97.43601550407813,94.18483803338714,97.1584701538086,63191100
2023-01-23,97.08909393274908,99.16072841791184,96.64305210182975,98.91292572021484,40005100
2023-01-24,97.23776385107986,98.73449405924738,96.34567274812117,96.84127807617188,33078500
2023-01-25,94.73000940210903,95.31482766669704,92.9359203962401,94.38308715820312,42330000
2023-01-26,95.65183309275027,96.71242824527482,94.54167438000948,96.6628646850586,30114000
2023-01-27,96.45471331121503,99.43825971343786,96.45471331121503,98.49661254882812,33879800
2023-01-30,96.62322160019781,97.42609984090785,95.5527122376928,96.08796691894531,27226200
2023-01-31,96.01858885911187,98.01091703799966,95.96902529627194,97.97126770019531,29870700
2023-02-01,97.8424184378622,100.30062458138316,96.7223529416814,99.54730224609375,35531100
2023-02-02,104.8700863300786,106.90206355804081,104.68175389285314,106.79302978515625,69883800
2023-02-03,102.02531630709647,106.86242173682118,101.67839407914221,103.85905456542969,65309300
2023-02-06,101.49997723038128,103.44274929562647,100.98454343127975,101.9955825805664,31999600
2023-02-07,102.31277427376001,107.22917865979215,102.2136547117616,106.69392395019531,49010200
2023-02-08,101.15305759656383,102.23347365780366,97.17830046850436,98.49661254882812,94743500
2023-02-09,99.12107385512309,99.15080896730558,92.80705872811015,94.17493438720703,119455000
2023-02-10,94.61105508342865,95.89963197469012,93.42160530867747,93.7387924194336,54980700
2023-02-13,93.90729704786835,94.36325304999363,93.01520592965052,93.7784423828125,50076100
2023-02-14,93.6000290448755,94.01633573432831,91.44910358703162,93.84783172607422,54726100
2023-02-15,93.6594961857254,96.26638514602948,93.32248818030943,96.08796691894531,50169000
2023-02-16,94.53177095740106,96.8214653459122,93.90730335156145,94.67053985595703,42462600
2023-02-17,94.01634209023845,94.72010084493942,92.39075699666527,93.52073669433594,34284100
2023-02-21,92.18261008408292,92.2817296577271,90.91386139182458,90.98324584960938,33629300
2023-02-22,90.89402316340856,91.30042320267887,89.81360707091751,90.84446716308594,30884000
2023-02-23,91.11208656749149,91.13191501658295,88.97107536820448,90.09114074707031,41206400
2023-02-24,88.65387618457936,89.09991791807593,87.80143448570176,88.34659576416016,36585100
2023-02-27,89.08010864257812,89.36756065406263,88.55476061737971,89.08010864257812,27502300
2023-02-28,88.54485304599933,90.42815487570596,88.534938821612,89.2684326171875,30142000
2023-03-01,89.18915376446422,90.22992059802009,88.88187326493379,89.56581115722656,31111200
2023-03-02,88.8719465448015,91.46891349206841,88.80255454255308,91.19137573242188,32204400
2023-03-03,91.66717426570082,92.90618771372029,91.63743159058448,92.82688903808594,35160100
2023-03-06,93.19362456165446,95.1264899199855,93.1738036755349,94.29386901855469,32639300
2023-03-07,94.14519285358496,94.82912307414622,92.70793284331539,93.0350341796875,27835500
2023-03-08,93.2927533033278,95.11657735157019,93.17380529752776,93.4216079711914,34103300
2023-03-09,93.22337335130082,94.69036101520102,91.09226874258992,91.50857543945312,28813500
2023-03-10,91.35988513059155,91.97443846501345,89.60544558188205,89.83341979980469,35941000
2023-03-13,89.29817253447952,91.75637851356447,88.63406314919474,90.30921173095703,37335600
2023-03-14,91.74647024234909,93.53065272700931,91.62752978493063,93.14408111572266,36050200
2023-03-15,92.40066053699009,96.07805124185921,91.82575652926289,95.2652587890625,50622100
2023-03-16,95.35446457801073,100.30061132579071,94.66062012558537,99.4382553100586,65492000
2023-03-17,99.3787824324158,101.93610017608884,99.2201850976227,100.7268295288086,61028500
2023-03-20,99.24002247655834,100.85569326789229,98.99221979039645,100.33035278320312,32960400
2023-03-21,100.36009150328888,104.17625149489693,100.3303563898546,103.99783325195312,42110300
2023-03-22,103.35353990958235,105.65314851003183,102.4218069619865,102.46145629882812,43427400
2023-03-23,104.13659740739351,105.36570416377398,103.541872478814,104.6718521118164,40797800
2023-03-24,104.06721812674961,104.56282351890222,102.92732421233099,104.51326751708984,30393300
2023-03-27,103.70047479179102,103.8392436963596,101.03411536680986,101.55945587158203,31120900
2023-03-28,101.53963197104099,101.54953863368904,98.86335840017524,100.14202117919922,32057900
2023-03-29,101.38102484163565,101.58917817223534,99.76535419231203,100.49884796142578,28779600
2023-03-30,100.0230785716146,100.27088125455408,98.90300560483199,100.00325012207031,33086200
2023-03-31,100.40964092180509,102.97687285114189,100.15192403778421,102.81828308105469,36863400
2023-04-03,101.49007022424684,103.61126066891856,101.03411417712786,103.44275665283203,25035400
2023-04-04,103.41301187553275,104.65202522333027,103.12555987136325,103.7995834350586,24420100
2023-04-05,104.85026426841469,105.16745138275883,102.7489024717613,103.5517807006836,28290500
2023-04-06,104.33484197686876,108.21047194004801,103.41301570943838,107.4670639038086,48711500
2023-04-10,106.03972551827178,106.6443570965018,104.19607298512094,105.50447082519531,27067400
2023-04-11,105.6134990800635,105.79191730174914,103.75993241934815,104.42404174804688,26311800
2023-04-12,105.643234620716,105.8117386190125,103.42291728349981,103.72028350830078,24370300
2023-04-13,104.90973463774462,106.54523377059805,104.90973463774462,106.48576354980469,24843600
2023-04-14,105.95050087264322,107.98248563608612,105.90093731750099,107.91310119628906,26578000
2023-04-17,103.74012860454394,105.22694484247565,103.60135213165228,105.03861236572266,37571200
2023-04-18,105.55403506755718,105.6035986320666,103.15530676712977,103.58152770996094,26596400
2023-04-19,102.66961069827711,104.05730725261225,102.16409110128505,103.26433563232422,20905700
2023-04-20,102.99670263824548,105.31613193758433,102.95705330462381,104.36457061767578,27820800
2023-04-21,104.54299836188882,105.0683388461455,103.85906052869694,104.48352813720703,25800100
2023-04-24,104.5628278421556,105.69280757799662,103.77977038269762,105.03861236572266,23542800
2023-04-25,104.89982577246494,105.75226754350551,102.92731111776044,102.93722534179688,46664100
2023-04-26,103.99781824829445,105.41524976209612,101.72794498144636,102.79845428466797,53347600
2023-04-27,103.53195477534291,107.41750647367289,102.62995696914422,106.64435577392578,50089200
2023-04-28,106.09918675851405,106.40645963391208,104.16632149232343,106.39654541015625,36139800
2023-05-01,105.90094553226093,107.040839327923,105.88112464606859,106.25778198242188,26681700
2023-05-02,106.19832091951841,106.2577911455612,102.79846768787561,104.39431762695312,30997200
2023-05-03,104.60246858657061,106.54524073699993,104.03747876508014,104.48352813720703,21795400
2023-05-04,104.5628157154331,104.67184949855658,103.05617876315749,103.76985168457031,23419500
2023-05-05,103.89870471094449,104.94938562732777,103.19494602522195,104.6421127319336,26639300
2023-05-08,104.25553719362945,107.01110160979505,104.2357163079201,106.82276916503906,26511400
2023-05-09,107.43733132783537,109.18186434483572,106.24788146671654,106.4064712524414,36360100
2023-05-10,107.02102401786978,111.94734256928349,106.98137468108189,110.7677993774414,63153400
2023-05-11,114.3857258726591,116.88357371843381,113.40442931492669,115.54544067382812,78900000
2023-05-12,115.65446614587465,116.99259909422787,115.08947634268829,116.4771728515625,41102300
2023-05-15,115.08947611768251,117.43864822230549,114.9903565591719,115.4859619140625,36266800
2023-05-16,115.46612669425035,119.68868618777017,115.40665647509871,118.45958709716797,45035600
2023-05-17,118.55871573573606,120.60060741468727,117.8450428018749,119.77790069580078,33323600
2023-05-18,119.88693103307176,122.22618888797108,119.7679905890739,121.75041198730469,35234200
2023-05-19,122.464079972312,124.8628079526781,121.07638353692812,121.68102264404297,41353400
2023-05-22,121.85944209965614,125.31876521794419,121.66119542840033,123.95089721679688,35253000
2023-05-23,123.06872361968306,123.53458629434267,121.13585822548262,121.48278045654297,34046300
2023-05-24,120.05544702738894,120.83850441605266,118.80651938298395,119.8373794555664,34182600
2023-05-25,123.4255515574692,124.21852313290142,120.88805461582595,122.39469909667969,42317000
2023-05-26,122.08742462698592,124.15905899914881,121.37375168657263,123.5147705078125,35635900
2023-05-30,124.535724824161,124.55555327515276,120.92771810216541,122.58303833007812,35076700
2023-05-31,121.67112156567815,122.96960524960811,121.42331887409836,121.79006958007812,37325800
2023-06-01,121.74050008884288,123.32643572526102,121.54226097016722,122.6325912475586,30772700
2023-06-02,122.90021802977736,125.04123686671639,122.67224379356901,123.5742416381836,26980100
2023-06-05,122.92004436641427,126.30998323761919,122.75153279545627,124.9024658203125,32305500
2023-06-06,124.90247058230369,127.16242235359813,124.25818207275529,126.1910400390625,26638300
2023-06-07,125.85403812876997,127.90583664672069,121.04666719848612,121.42332458496094,52539000
2023-06-08,121.15568781042428,122.14689851551302,120.17438376750341,121.06647491455078,29389200
2023-06-09,121.17551394173034,122.67224428864927,120.83850591733605,121.15569305419922,23778300
2023-06-12,121.7107637315462,122.95969134096524,120.59069835405128,122.55329132080078,28306400
2023-06-13,123.881524443717,124.05994268348793,122.09734204600761,122.74163055419922,22278300
2023-06-14,122.01804847422548,122.95970327553876,120.38254913496624,122.58303833007812,30592300
2023-06-15,122.05768927234496,124.35729787447553,121.32419544608322,123.99054718017578,35246300
2023-06-16,124.82316689591107,125.00158512889624,122.19645696231628,122.44425964355469,45535600
2023-06-20,121.8495395031722,123.47512455090713,121.06648209224629,122.0180435180664,26097500
2023-06-21,121.32419395167761,121.58191085699323,119.04440626489465,119.4904556274414,30306300
2023-06-22,118.94529615772794,122.15681703653188,117.78558133515126,122.06761169433594,26952200
2023-06-23,120.31314813901791,121.71075881058304,119.99596102780514,121.26470947265625,34913600
2023-06-26,119.69860126412782,120.92770036348257,117.23048127903954,117.29986572265625,33969900
2023-06-27,116.05094940599243,118.03337078609204,115.07955960231514,117.28996276855469,39535900
2023-06-28,116.06085055437069,119.3318487010765,115.82296211751444,119.12369537353516,27091400
2023-06-29,118.19196103083988,119.00475349739705,117.26022812090297,118.05319213867188,24090900
2023-06-30,119.1137889438215,120.01579431786013,118.63801203897671,118.64791870117188,29532200
2023-07-03,118.19196580370979,119.13362053840451,117.77565911039436,118.8461685180664,14467900
2023-07-05,118.19196765372497,121.5323506020042,118.18206099111318,120.6799087524414,27584800
2023-07-06,118.74703316355199,119.24263846463137,117.35933680806241,119.05430603027344,24745200
2023-07-07,119.04441646621153,119.98607127072314,118.35057192590894,118.42987060546875,21709500
2023-07-10,117.26022900177597,117.27013566390707,115.11921025680768,115.42648315429688,35315200
2023-07-11,115.2679002226587,116.67541768732227,114.33615968802944,116.11042785644531,23078800
2023-07-12,117.75584228302935,119.27239354834892,117.36927068843174,117.88469696044922,30404400
2023-07-13,119.86711735011022,123.73284082144414,119.39133285851337,123.44538879394531,44297900
2023-07-14,123.70309642753425,125.6656893475704,122.40460528869126,124.31764221191406,33283100
2023-07-17,124.83309865222719,125.98289932223635,123.10838630370533,123.55443572998047,25716200
2023-07-18,123.50484690725973,123.58414557513862,121.87926202742847,122.67223358154297,26193600
2023-07-19,123.50484670115512,124.07975069881186,120.72946139106028,120.95743560791016,37224000
2023-07-20,120.35279444013278,122.99932504158681,117.18092340794111,118.15230560302734,37906800
2023-07-21,119.55984327813516,119.92658641540363,117.68645556733492,118.9651107788086,72937900
2023-07-24,120.59070000224004,121.9189187390688,119.91667640915657,120.46183776855469,29686100
2023-07-25,120.29332906056865,122.067597090128,119.95631349602652,121.13585662841797,52509600
2023-07-26,128.92679121548855,129.82878151515044,127.19217238007396,128.13381958007812,61682100
2023-07-27,130.5127174287312,132.0689255635858,127.6580256334022,128.26266479492188,44952100
2023-07-28,129.6305212614067,132.56451129686621,129.42237550489725,131.41470336914062,36591200
2023-07-31,131.56341923741195,132.35639098665902,130.62177190222775,131.5535125732422,28055500
2023-08-01,129.63051668062243,131.46426227856932,129.53138957410042,130.3937530517578,23166800
2023-08-02,128.3122125664853,128.94658676241383,126.43882508751874,127.25162506103516,26273300
2023-08-03,126.84522989105743,128.25274721907638,126.30006100088384,127.32100677490234,20089500
2023-08-04,128.14370044526711,130.3540957670665,126.78574681310427,126.9839859008789,26147200
2023-08-07,128.0247675508261,130.4532305494762,127.88599866875109,130.37393188476562,22746300
2023-08-08,129.47192832567612,130.35410518598817,128.4014190247344,130.2450714111328,23535200
2023-08-09,130.50279169045498,130.87944143501775,127.86616785514812,128.52037048339844,24912900
2023-08-10,130.16578804061726,130.88936757032903,128.31221386564667,128.55010986328125,20857800
2023-08-11,127.52916585454872,128.78799249024013,127.04346719118266,128.42124938964844,19591100
2023-08-14,128.25273871650413,130.21533146634363,127.8265254190536,130.17568969726562,24695600
2023-08-15,129.9477334332242,130.26491300365356,128.14372263533488,128.6393280029297,19770700
2023-08-16,127.5688247680664,129.13493962042415,126.7461255654186,127.5688247680664,25216100
2023-08-17,128.6591509873898,130.82990482519432,128.15362385412445,128.77809143066406,33446300
2023-08-18,127.38048074077112,128.1139820986366,125.26920468665479,126.33971405029297,30504800
2023-08-21,126.0621788706278,127.59855093945741,125.4476255056934,127.24171447753906,25248700
2023-08-22,127.38050576887177,129.13495327549853,127.19218840488578,127.94550323486328,22054900
2023-08-23,129.03580432978123,132.23742584663677,128.72853142638633,131.20655822753906,27819700
2023-08-24,132.77267495370916,133.07004119920114,128.43118221835817,128.6393280029297,28500700
2023-08-25,128.40144118659,129.61071958018746,126.13157509513833,128.73846435546875,26762900
2023-08-28,130.15588677056022,131.37507181068187,128.99617195805286,129.8585205078125,20543300
2023-08-29,131.07771469222826,135.36965904379704,131.07771469222826,133.38723754882812,43075600
2023-08-30,133.5953920373494,135.08220825541576,132.89164083061692,134.68572998046875,28315800
2023-08-31,134.81453196570942,136.78704626616855,134.59646445009395,134.97312927246094,30053800
2023-09-01,136.25181824627185,136.25181824627185,133.66475792752385,134.46763610839844,21543700
2023-09-05,134.2495588608883,135.22094096171622,133.39711718576547,134.57666015625,19403100
2023-09-06,134.82445365263763,135.32996555228638,132.49510297601068,133.27816772460938,18684500
2023-09-07,132.41581663493795,134.38833111737597,131.7814424740778,134.07113647460938,18844300
2023-09-08,133.7242392505445,135.45885797662925,133.66476902845534,135.1813201904297,23558300
2023-09-11,135.3398878687072,136.27162824714438,134.5964799231039,135.716552734375,20763400
2023-09-12,135.0623483209179,135.6669873803092,134.00176086408786,134.1504364013672,18405500
2023-09-13,133.9026662941698,135.69675546177504,132.9709257016799,135.50843811035156,20749500
2023-09-14,136.39060981836033,137.48093260507594,135.0425625482196,136.88621520996094,24751000
2023-09-15,136.76725635034862,137.30251863025583,135.28044021121335,136.19235229492188,38919600
2023-09-18,135.40929606761446,137.9368864099472,135.40929606761446,136.9952392578125,21861300
2023-09-19,136.21217538464424,137.1934794427395,135.41920378337616,136.82672119140625,20353700
2023-09-20,136.86634887994856,136.86634887994856,132.4455433555256,132.5644989013672,29927500
2023-09-21,130.284744080372,131.06779392210422,128.9267901856762,129.2935333251953,31503900
2023-09-22,129.61070610554586,130.86954793351885,128.4609131845869,129.10519409179688,26397300
2023-09-25,128.6888779459716,130.0170965606432,127.82652953751189,129.95762634277344,20094600
2023-09-26,128.62942178523338,129.21423249109523,126.10183137682498,127.43997192382812,25718700
2023-09-27,127.43996798020761,129.7494756200031,127.43996798020761,129.39263916015625,22746500
2023-09-28,128.69880291155567,132.12839883500152,128.64923934805705,131.1470947265625,22513100
2023-09-29,132.10855151732764,132.87178793711044,129.21421829354512,129.70982360839844,30859800
2023-10-02,130.05676271040824,133.2385405902459,130.01710581255713,132.99073791503906,22288000
2023-10-03,132.76277495232893,133.0799545386721,130.68122625412332,131.2660369873047,22989400
2023-10-04,131.62288239657767,134.37846248014134,131.36517301991339,134.05136108398438,26752300
2023-10-05,133.88282775878906,134.2991344106199,132.27705624495698,133.88282775878906,19832600
2023-10-06,132.832143768504,136.9456773507009,132.832143768504,136.3707733154297,27597600
2023-10-09,135.73638169070284,137.71880288642004,134.41806978059012,137.203369140625,19278100
2023-10-10,137.28270808695942,138.49198658116535,136.12299316212477,136.84657287597656,27786600
2023-10-11,137.36199550625815,139.86975763903897,137.36199550625815,139.31468200683594,25884300
2023-10-12,139.8102704594491,139.9787744613181,137.04478417224522,137.74855041503906,24765500
2023-10-13,138.15495992166953,138.7695057500951,135.4192085570894,136.1527099609375,23420500
2023-10-16,136.9555770964501,138.4027513362433,136.7771664348634,137.87741088867188,28501900
2023-10-17,137.41157287703706,138.67039983915632,135.9743049621474,138.4919891357422,23515800
2023-10-18,138.22433080496884,139.48317264449588,136.17253249534386,136.7474365234375,23375000
2023-10-19,137.28268416001447,138.4324922204464,136.17253299803895,136.53927612304688,26066000
2023-10-20,136.12297828131832,136.6582254478533,133.8927540255162,134.40818786621094,26335700
2023-10-23,133.8530881539799,136.4500705092504,132.77267210572043,135.30026245117188,26317900
2023-10-24,136.6185834917505,138.13513477372655,136.21218344241674,137.5899658203125,44814300
2023-10-25,127.03357185296261,127.18224741384032,123.97072673913938,124.5059814453125,84366200
2023-10-26,122.18654246977827,123.23723097831568,120.20412102421639,121.20524597167969,57061100
2023-10-27,121.79997301237394,122.22619393308011,119.15344215145646,121.0962142944336,44566500
2023-10-30,122.12708298416779,124.29783707786582,121.67112691907994,123.36609649658203,28940100
2023-10-31,123.96080791175726,124.268088371617,121.61164338905817,122.98942565917969,26292300
2023-11-01,122.9795062521491,125.37823423377263,122.63258403370556,125.33858489990234,30082400
2023-11-02,127.29127970850502,127.8463552955118,125.81437784316901,126.36945343017578,27124600
2023-11-03,126.8947997576898,128.39152248996186,126.73620241363211,127.9653091430664,26393100
2023-11-06,127.91574427289191,129.19439942516289,127.53907936577991,129.10519409179688,19052700
2023-11-07,129.56115358521535,130.75060336661838,128.73844691253734,129.81886291503906,29757300
2023-11-08,129.81886492088287,131.04797161797262,129.63053247035484,130.68121337890625,26425800
2023-11-09,130.80017480614322,131.38498550790692,128.92678712827234,129.0952911376953,23747800
2023-11-10,128.95653161924707,131.63279776446794,128.27259374470339,131.4246368408203,26913300
2023-11-13,130.62172799705198,131.42460614060172,130.09638760374972,130.9290008544922,18324800
2023-11-14,133.01056927107837,134.50729201715737,132.1482207824069,132.44557189941406,32395200
2023-11-15,133.68458551793623,133.84318286371249,132.3960236763613,133.43678283691406,23861500
2023-11-16,134.00177404646607,136.01393051384863,133.1394255960663,135.72647094726562,28013200
2023-11-17,134.80465005712884,134.86412027691202,132.47529895112487,134.12071228027344,37240600
2023-11-20,132.5149477380473,135.45884443455537,132.44555573609716,135.0524444580078,27815500
2023-11-21,135.0920822273387,135.97425903159055,134.7649960482321,135.76611328125,22635300
2023-11-22,136.26172703194487,138.19458474282766,136.26172703194487,137.27276611328125,17813900
2023-11-24,136.81678966100844,136.91591676490268,134.79472681375032,135.4885711669922,12514300
2023-11-27,134.83437943600723,137.20337221294994,134.8046443273795,135.21104431152344,23436500
2023-11-28,134.88394378751974,136.0436584048626,134.22974114450358,135.9940948486328,18730000
2023-11-29,136.36088416260156,137.0745420613024,133.6548676470105,133.80355834960938,23967200
2023-11-30,133.8630133792204,134.35861874891418,130.1261446568203,131.3651580810547,38988300
2023-12-01,130.70101928710938,130.9488219161897,129.5214763527395,130.70101928710938,31442300
2023-12-04,128.73845875055255,128.88713431514626,126.7758581121976,128.13381958007812,36669900
2023-12-05,127.8166059548372,130.9785702409771,127.12276154831913,129.83868408203125,27384800
2023-12-06,130.28472982782802,130.68120803665548,128.73844363885704,128.87721252441406,23576200
2023-12-07,133.85308336988615,137.34214919311776,133.51607536911783,135.72647094726562,56767100
2023-12-08,133.02049330674961,135.20115415610408,132.85198927687938,133.80355834960938,32260100
2023-12-11,131.21646382988015,132.16801753433697,130.20542478480553,132.1184539794922,31138000
2023-12-12,130.65148882726206,131.83103206038206,130.10631988027265,131.35525512695312,29032800
2023-12-13,132.20769395702044,132.32663440647838,130.41360492921032,131.40481567382812,30104800
2023-12-14,132.20768021650815,132.5446882047304,128.55011052905618,130.78033447265625,38722400
2023-12-15,130.4631576026789,132.33654536584615,130.0270224409382,131.43455505371094,50847100
2023-12-18,131.46429362359686,135.94455556276986,131.26603936328306,134.60643005371094,32258000
2023-12-19,135.63726127584442,136.26172882321336,134.88394662917216,135.4489288330078,25476800
2023-12-20,137.74856738121363,140.45456865574852,136.85648370269604,137.1240997314453,49107200
2023-12-21,138.26398757269197,139.4534374013907,137.9566995474428,139.18580627441406,27488300
2023-12-22,139.53274123600997,140.74201955858857,139.4732710110759,140.2464141845703,26532200
2023-12-26,140.34549992142354,141.4259158046807,139.94902174627302,140.276123046875,16780300
2023-12-27,140.34552403156647,140.83122273553664,138.6604688106895,139.13624572753906,19628600
2023-12-28,139.54262061197767,139.89945701648085,138.52167495111323,138.99745178222656,16045700
2023-12-29,138.40274901874815,139.12632856419143,137.56021390956434,138.46221923828125,18733000
